decision_id,source_system,source_record_id,legacy_customer_id,match_level,decided_by,decided_on
D-0001,distributor_alpha,A-100001,L-0001,L3_FUZZY,s.patel,2026-04-06
D-0002,distributor_alpha,A-100002,L-0001,L4_ADDRESS_ONLY,s.patel,2026-04-09
D-0003,distributor_alpha,A-100003,L-0002,L4_ADDRESS_ONLY,m.okoro,2026-04-08
D-0004,distributor_alpha,A-100004,L-0002,L3_FUZZY,s.patel,2026-04-13
D-0005,distributor_alpha,A-100005,L-0022,L5_LOOSE_ADDRESS,j.reyes,2026-04-10
D-0006,distributor_alpha,A-100006,L-0002,L3_FUZZY,j.reyes,2026-04-06
D-0007,distributor_alpha,A-100007,L-0003,L3_FUZZY,j.reyes,2026-04-14
D-0008,distributor_alpha,A-100008,L-0003,L3_FUZZY,m.okoro,2026-04-12
D-0009,distributor_alpha,A-100009,L-0003,L3_FUZZY,m.okoro,2026-04-14
D-0010,distributor_alpha,A-100010,L-0008,L5_LOOSE_ADDRESS,s.patel,2026-04-08
D-0011,distributor_alpha,A-100011,L-0004,L4_ADDRESS_ONLY,s.patel,2026-04-08
D-0012,distributor_alpha,A-100012,L-0004,L4_ADDRESS_ONLY,s.patel,2026-04-09
D-0013,distributor_alpha,A-100013,L-0004,L3_FUZZY,m.okoro,2026-04-09
D-0014,distributor_alpha,A-100014,L-0005,L4_ADDRESS_ONLY,m.okoro,2026-04-10
D-0015,distributor_alpha,A-100015,L-0005,L3_FUZZY,m.okoro,2026-04-14
D-0016,distributor_alpha,A-100016,L-0005,L1_EXACT_NAME_ADDRESS,system,2026-04-14
D-0017,distributor_alpha,A-100017,L-0006,L3_FUZZY,s.patel,2026-04-06
D-0018,distributor_alpha,A-100018,L-0006,L1_EXACT_NAME_ADDRESS,system,2026-04-09
D-0019,distributor_alpha,A-100019,L-0006,L3_FUZZY,s.patel,2026-04-11
D-0020,distributor_alpha,A-100020,L-0007,L4_ADDRESS_ONLY,m.okoro,2026-04-13
D-0021,distributor_alpha,A-100021,L-0007,L4_ADDRESS_ONLY,m.okoro,2026-04-14
D-0022,distributor_alpha,A-100022,,UNMATCHED,m.okoro,2026-04-08
D-0023,distributor_alpha,A-100023,L-0007,L3_FUZZY,j.reyes,2026-04-14
D-0024,distributor_alpha,A-100024,L-0008,L3_FUZZY,j.reyes,2026-04-12
D-0025,distributor_alpha,A-100025,L-0008,L3_FUZZY,j.reyes,2026-04-07
D-0026,distributor_alpha,A-100026,L-0008,L4_ADDRESS_ONLY,m.okoro,2026-04-08
D-0027,distributor_alpha,A-100027,L-0009,L3_FUZZY,j.reyes,2026-04-08
D-0028,distributor_alpha,A-100028,L-0010,L3_FUZZY,s.patel,2026-04-11
D-0029,distributor_alpha,A-100029,L-0010,L4_ADDRESS_ONLY,s.patel,2026-04-13
D-0030,distributor_alpha,A-100030,L-0010,L1_EXACT_NAME_ADDRESS,system,2026-04-09
D-0031,distributor_alpha,A-100031,L-0010,L2_EXACT_NAME_ZIP,system,2026-04-11
D-0032,distributor_alpha,A-100032,L-0011,L1_EXACT_NAME_ADDRESS,system,2026-04-09
D-0033,distributor_alpha,A-100033,L-0012,L1_EXACT_NAME_ADDRESS,system,2026-04-11
D-0034,distributor_alpha,A-100034,L-0013,L1_EXACT_NAME_ADDRESS,system,2026-04-07
D-0035,distributor_alpha,A-100035,L-0013,L5_LOOSE_ADDRESS,s.patel,2026-04-09
D-0036,distributor_alpha,A-100036,L-0013,L3_FUZZY,m.okoro,2026-04-06
D-0037,distributor_alpha,A-100037,L-0013,L4_ADDRESS_ONLY,m.okoro,2026-04-10
D-0038,distributor_alpha,A-100038,L-0014,L2_EXACT_NAME_ZIP,system,2026-04-07
D-0039,distributor_alpha,A-100039,,UNMATCHED,m.okoro,2026-04-14
D-0040,distributor_alpha,A-100040,L-0015,L5_LOOSE_ADDRESS,s.patel,2026-04-14
D-0041,distributor_alpha,A-100041,L-0015,L5_LOOSE_ADDRESS,s.patel,2026-04-06
D-0042,distributor_alpha,A-100042,L-0016,L3_FUZZY,s.patel,2026-04-12
D-0043,distributor_alpha,A-100043,L-0016,L1_EXACT_NAME_ADDRESS,system,2026-04-07
D-0044,distributor_alpha,A-100044,L-0016,L2_EXACT_NAME_ZIP,system,2026-04-12
D-0045,distributor_alpha,A-100045,L-0017,L3_FUZZY,m.okoro,2026-04-11
D-0046,distributor_alpha,A-100046,L-0017,L2_EXACT_NAME_ZIP,system,2026-04-11
D-0047,distributor_alpha,A-100047,L-0017,L2_EXACT_NAME_ZIP,system,2026-04-13
D-0048,distributor_alpha,A-100048,L-0018,L3_FUZZY,s.patel,2026-04-12
D-0049,distributor_alpha,A-100049,L-0018,L3_FUZZY,s.patel,2026-04-14
D-0050,distributor_alpha,A-100050,L-0018,L3_FUZZY,j.reyes,2026-04-09
D-0051,distributor_alpha,A-100051,L-0018,L1_EXACT_NAME_ADDRESS,system,2026-04-10
D-0052,distributor_alpha,A-100052,L-0019,L2_EXACT_NAME_ZIP,system,2026-04-13
D-0053,distributor_alpha,A-100053,L-0019,L2_EXACT_NAME_ZIP,system,2026-04-06
D-0054,distributor_alpha,A-100054,L-0020,L2_EXACT_NAME_ZIP,system,2026-04-11
D-0055,distributor_alpha,A-100055,L-0020,L3_FUZZY,s.patel,2026-04-09
D-0056,distributor_alpha,A-100056,L-0020,L2_EXACT_NAME_ZIP,system,2026-04-13
D-0057,distributor_alpha,A-100057,L-0021,L3_FUZZY,s.patel,2026-04-11
D-0058,distributor_alpha,A-100058,L-0022,L1_EXACT_NAME_ADDRESS,system,2026-04-13
D-0059,distributor_alpha,A-100059,L-0023,L2_EXACT_NAME_ZIP,system,2026-04-09
D-0060,distributor_alpha,A-100060,L-0023,L2_EXACT_NAME_ZIP,system,2026-04-09
D-0061,distributor_alpha,A-100061,,UNMATCHED,m.okoro,2026-04-06
D-0062,distributor_alpha,A-100062,L-0024,L5_LOOSE_ADDRESS,s.patel,2026-04-10
D-0063,distributor_alpha,A-100063,L-0024,L3_FUZZY,s.patel,2026-04-06
D-0064,distributor_alpha,A-100064,L-0024,L3_FUZZY,j.reyes,2026-04-08
D-0065,distributor_alpha,A-100065,L-0025,L3_FUZZY,m.okoro,2026-04-09
D-0066,distributor_alpha,A-100066,L-0025,L1_EXACT_NAME_ADDRESS,system,2026-04-08
D-0067,distributor_alpha,A-100067,L-0026,L1_EXACT_NAME_ADDRESS,system,2026-04-09
D-0068,distributor_alpha,A-100068,L-0027,L2_EXACT_NAME_ZIP,system,2026-04-06
D-0069,distributor_alpha,A-100069,L-0027,L1_EXACT_NAME_ADDRESS,system,2026-04-12
D-0070,distributor_alpha,A-100070,L-0027,L1_EXACT_NAME_ADDRESS,system,2026-04-13
D-0071,distributor_alpha,A-100071,L-0027,L3_FUZZY,s.patel,2026-04-13
D-0072,distributor_alpha,A-100072,L-0028,L1_EXACT_NAME_ADDRESS,system,2026-04-10
D-0073,distributor_alpha,A-100073,L-0029,L3_FUZZY,s.patel,2026-04-09
D-0074,distributor_alpha,A-100074,L-0029,L3_FUZZY,s.patel,2026-04-13
D-0075,distributor_alpha,A-100075,L-0030,L4_ADDRESS_ONLY,s.patel,2026-04-12
D-0076,distributor_alpha,A-100076,L-0030,L2_EXACT_NAME_ZIP,system,2026-04-09
D-0077,distributor_alpha,A-100077,,UNMATCHED,m.okoro,2026-04-08
D-0078,distributor_alpha,A-100078,L-0031,L2_EXACT_NAME_ZIP,system,2026-04-10
D-0079,distributor_alpha,A-100079,L-0031,L2_EXACT_NAME_ZIP,system,2026-04-14
D-0080,distributor_alpha,A-100080,L-0032,L3_FUZZY,s.patel,2026-04-08
D-0081,distributor_alpha,A-100081,L-0032,L2_EXACT_NAME_ZIP,system,2026-04-07
D-0082,distributor_alpha,A-100082,L-0032,L4_ADDRESS_ONLY,j.reyes,2026-04-09
D-0083,distributor_alpha,A-100083,L-0033,L4_ADDRESS_ONLY,s.patel,2026-04-09
D-0084,distributor_alpha,A-100084,L-0033,L3_FUZZY,j.reyes,2026-04-12
D-0085,distributor_alpha,A-100085,L-0033,L3_FUZZY,j.reyes,2026-04-08
D-0086,distributor_alpha,A-100086,L-0034,L2_EXACT_NAME_ZIP,system,2026-04-12
D-0087,distributor_alpha,A-100087,L-0060,L5_LOOSE_ADDRESS,m.okoro,2026-04-06
D-0088,distributor_alpha,A-100088,L-0035,L1_EXACT_NAME_ADDRESS,system,2026-04-12
D-0089,distributor_alpha,A-100089,L-0035,L5_LOOSE_ADDRESS,j.reyes,2026-04-10
D-0090,distributor_alpha,A-100090,L-0035,L2_EXACT_NAME_ZIP,system,2026-04-10
D-0091,distributor_alpha,A-100091,L-0035,L4_ADDRESS_ONLY,m.okoro,2026-04-09
D-0092,distributor_alpha,A-100092,L-0036,L2_EXACT_NAME_ZIP,system,2026-04-08
D-0093,distributor_alpha,A-100093,L-0037,L3_FUZZY,j.reyes,2026-04-10
D-0094,distributor_alpha,A-100094,L-0037,L3_FUZZY,m.okoro,2026-04-07
D-0095,distributor_alpha,A-100095,L-0037,L3_FUZZY,m.okoro,2026-04-10
D-0096,distributor_alpha,A-100096,L-0037,L1_EXACT_NAME_ADDRESS,system,2026-04-07
D-0097,distributor_alpha,A-100097,L-0038,L2_EXACT_NAME_ZIP,system,2026-04-14
D-0098,distributor_alpha,A-100098,L-0038,L1_EXACT_NAME_ADDRESS,system,2026-04-08
D-0099,distributor_alpha,A-100099,L-0038,L2_EXACT_NAME_ZIP,system,2026-04-09
D-0100,distributor_alpha,A-100100,L-0038,L5_LOOSE_ADDRESS,s.patel,2026-04-07
D-0101,distributor_alpha,A-100101,L-0039,L3_FUZZY,s.patel,2026-04-11
D-0102,distributor_alpha,A-100102,L-0044,L5_LOOSE_ADDRESS,s.patel,2026-04-10
D-0103,distributor_alpha,A-100103,L-0039,L5_LOOSE_ADDRESS,m.okoro,2026-04-11
D-0104,distributor_alpha,A-100104,L-0039,L2_EXACT_NAME_ZIP,system,2026-04-13
D-0105,distributor_alpha,A-100105,L-0040,L4_ADDRESS_ONLY,s.patel,2026-04-12
D-0106,distributor_alpha,A-100106,,UNMATCHED,j.reyes,2026-04-09
D-0107,distributor_alpha,A-100107,L-0040,L3_FUZZY,s.patel,2026-04-06
D-0108,distributor_alpha,A-100108,L-0040,L3_FUZZY,s.patel,2026-04-13
D-0109,distributor_alpha,A-100109,L-0041,L5_LOOSE_ADDRESS,s.patel,2026-04-11
D-0110,distributor_alpha,A-100110,,UNMATCHED,s.patel,2026-04-13
D-0111,distributor_alpha,A-100111,L-0042,L3_FUZZY,m.okoro,2026-04-12
D-0112,distributor_alpha,A-100112,L-0043,L3_FUZZY,j.reyes,2026-04-07
D-0113,distributor_alpha,A-100113,L-0043,L4_ADDRESS_ONLY,m.okoro,2026-04-07
D-0114,distributor_alpha,A-100114,L-0043,L3_FUZZY,j.reyes,2026-04-07
D-0115,distributor_alpha,A-100115,L-0044,L2_EXACT_NAME_ZIP,system,2026-04-11
D-0116,distributor_alpha,A-100116,L-0044,L2_EXACT_NAME_ZIP,system,2026-04-13
D-0117,distributor_alpha,A-100117,L-0045,L1_EXACT_NAME_ADDRESS,system,2026-04-10
D-0118,distributor_alpha,A-100118,L-0045,L2_EXACT_NAME_ZIP,system,2026-04-06
D-0119,distributor_alpha,A-100119,L-0046,L4_ADDRESS_ONLY,j.reyes,2026-04-13
D-0120,distributor_alpha,A-100120,L-0046,L2_EXACT_NAME_ZIP,system,2026-04-12
D-0121,distributor_alpha,A-100121,L-0046,L2_EXACT_NAME_ZIP,system,2026-04-09
D-0122,distributor_alpha,A-100122,L-0047,L1_EXACT_NAME_ADDRESS,system,2026-04-07
D-0123,distributor_alpha,A-100123,L-0048,L4_ADDRESS_ONLY,m.okoro,2026-04-13
D-0124,distributor_alpha,A-100124,L-0048,L2_EXACT_NAME_ZIP,system,2026-04-12
D-0125,distributor_alpha,A-100125,L-0048,L3_FUZZY,s.patel,2026-04-12
D-0126,distributor_alpha,A-100126,L-0051,L3_FUZZY,s.patel,2026-04-09
D-0127,distributor_alpha,A-100127,L-0052,L2_EXACT_NAME_ZIP,system,2026-04-10
D-0128,distributor_alpha,A-100128,L-0055,L2_EXACT_NAME_ZIP,system,2026-04-06
D-0129,distributor_alpha,A-100129,L-0055,L2_EXACT_NAME_ZIP,system,2026-04-06
D-0130,distributor_alpha,A-100130,L-0056,L1_EXACT_NAME_ADDRESS,system,2026-04-12
D-0131,distributor_alpha,A-100131,L-0057,L2_EXACT_NAME_ZIP,system,2026-04-06
D-0132,distributor_alpha,A-100132,L-0057,L3_FUZZY,s.patel,2026-04-10
D-0133,distributor_alpha,A-100133,L-0057,L3_FUZZY,j.reyes,2026-04-10
D-0134,distributor_alpha,A-100134,L-0057,L2_EXACT_NAME_ZIP,system,2026-04-13
D-0135,distributor_alpha,A-100135,L-0058,L4_ADDRESS_ONLY,s.patel,2026-04-13
D-0136,distributor_alpha,A-100136,L-0058,L1_EXACT_NAME_ADDRESS,system,2026-04-07
D-0137,distributor_alpha,A-100137,,UNMATCHED,m.okoro,2026-04-09
D-0138,distributor_alpha,A-100138,L-0058,L3_FUZZY,j.reyes,2026-04-07
D-0139,distributor_alpha,A-100139,,UNMATCHED,s.patel,2026-04-06
D-0140,distributor_alpha,A-100140,L-0060,L3_FUZZY,j.reyes,2026-04-11
D-0141,distributor_alpha,A-100141,L-0060,L3_FUZZY,j.reyes,2026-04-09
D-0142,distributor_alpha,A-100142,L-0060,L3_FUZZY,m.okoro,2026-04-09
D-0143,distributor_alpha,A-100143,L-0060,L2_EXACT_NAME_ZIP,system,2026-04-14
D-0144,distributor_alpha,A-100144,L-0061,L4_ADDRESS_ONLY,s.patel,2026-04-14
D-0145,distributor_alpha,A-100145,L-0062,L2_EXACT_NAME_ZIP,system,2026-04-10
D-0146,distributor_alpha,A-100146,L-0062,L3_FUZZY,m.okoro,2026-04-11
D-0147,distributor_alpha,A-100147,L-0062,L3_FUZZY,s.patel,2026-04-08
D-0148,distributor_alpha,A-100148,L-0062,L4_ADDRESS_ONLY,m.okoro,2026-04-13
D-0149,distributor_alpha,A-100149,L-0063,L5_LOOSE_ADDRESS,s.patel,2026-04-12
D-0150,distributor_alpha,A-100150,,UNMATCHED,m.okoro,2026-04-09
D-0151,distributor_alpha,A-100151,,UNMATCHED,s.patel,2026-04-13
D-0152,distributor_alpha,A-100152,,UNMATCHED,m.okoro,2026-04-13
D-0153,distributor_alpha,A-100153,,UNMATCHED,j.reyes,2026-04-12
D-0154,distributor_alpha,A-100154,,UNMATCHED,s.patel,2026-04-10
D-0155,distributor_alpha,A-100155,L-0002,L2_EXACT_NAME_ZIP,system,2026-04-12
D-0156,distributor_alpha,A-100156,L-0015,L3_FUZZY,s.patel,2026-04-14
D-0157,distributor_beta,B-77001,L-0059,L3_FUZZY,s.patel,2026-04-07
D-0158,distributor_beta,B-77002,L-0059,L4_ADDRESS_ONLY,s.patel,2026-04-11
D-0159,distributor_beta,B-77003,L-0014,L3_FUZZY,m.okoro,2026-04-07
D-0160,distributor_beta,B-77004,L-0014,L5_LOOSE_ADDRESS,s.patel,2026-04-09
D-0161,distributor_beta,B-77005,L-0015,L5_LOOSE_ADDRESS,m.okoro,2026-04-07
D-0162,distributor_beta,B-77006,L-0015,L1_EXACT_NAME_ADDRESS,system,2026-04-11
D-0163,distributor_beta,B-77007,L-0060,L1_EXACT_NAME_ADDRESS,system,2026-04-09
D-0164,distributor_beta,B-77008,L-0060,L3_FUZZY,s.patel,2026-04-09
D-0165,distributor_beta,B-77009,L-0043,L5_LOOSE_ADDRESS,j.reyes,2026-04-09
D-0166,distributor_beta,B-77010,L-0043,L3_FUZZY,j.reyes,2026-04-11
D-0167,distributor_beta,B-77011,L-0044,L4_ADDRESS_ONLY,j.reyes,2026-04-09
D-0168,distributor_beta,B-77012,,UNMATCHED,s.patel,2026-04-08
D-0169,distributor_beta,B-77013,L-0039,L4_ADDRESS_ONLY,s.patel,2026-04-07
D-0170,distributor_beta,B-77014,L-0039,L2_EXACT_NAME_ZIP,system,2026-04-09
D-0171,distributor_beta,B-77015,L-0019,L3_FUZZY,m.okoro,2026-04-09
D-0172,distributor_beta,B-77016,L-0040,L2_EXACT_NAME_ZIP,system,2026-04-07
D-0173,distributor_beta,B-77017,L-0040,L5_LOOSE_ADDRESS,j.reyes,2026-04-14
D-0174,distributor_beta,B-77018,L-0055,L2_EXACT_NAME_ZIP,system,2026-04-13
D-0175,distributor_beta,B-77019,L-0063,L2_EXACT_NAME_ZIP,system,2026-04-10
D-0176,distributor_beta,B-77020,L-0045,L3_FUZZY,j.reyes,2026-04-10
D-0177,distributor_beta,B-77021,L-0007,L4_ADDRESS_ONLY,m.okoro,2026-04-11
D-0178,distributor_beta,B-77022,,UNMATCHED,m.okoro,2026-04-14
D-0179,distributor_beta,B-77023,L-0027,L1_EXACT_NAME_ADDRESS,system,2026-04-13
D-0180,distributor_beta,B-77024,L-0036,L2_EXACT_NAME_ZIP,system,2026-04-11
D-0181,distributor_beta,B-77025,L-0024,L1_EXACT_NAME_ADDRESS,system,2026-04-14
D-0182,distributor_beta,B-77026,L-0024,L1_EXACT_NAME_ADDRESS,system,2026-04-08
D-0183,distributor_beta,B-77027,L-0046,L3_FUZZY,j.reyes,2026-04-14
D-0184,distributor_beta,B-77028,L-0046,L3_FUZZY,m.okoro,2026-04-08
D-0185,distributor_beta,B-77029,L-0006,L2_EXACT_NAME_ZIP,system,2026-04-07
D-0186,distributor_beta,B-77030,L-0006,L3_FUZZY,s.patel,2026-04-14
D-0187,distributor_beta,B-77031,L-0052,L4_ADDRESS_ONLY,m.okoro,2026-04-12
D-0188,distributor_beta,B-77032,L-0003,L5_LOOSE_ADDRESS,j.reyes,2026-04-08
D-0189,distributor_beta,B-77033,L-0034,L2_EXACT_NAME_ZIP,system,2026-04-07
D-0190,distributor_beta,B-77034,L-0009,L2_EXACT_NAME_ZIP,system,2026-04-08
D-0191,distributor_beta,B-77035,L-0009,L3_FUZZY,m.okoro,2026-04-10
D-0192,distributor_beta,B-77036,L-0002,L4_ADDRESS_ONLY,s.patel,2026-04-14
D-0193,distributor_beta,B-77037,L-0002,L1_EXACT_NAME_ADDRESS,system,2026-04-09
D-0194,distributor_beta,B-77038,L-0005,L3_FUZZY,s.patel,2026-04-09
D-0195,distributor_beta,B-77039,L-0005,L5_LOOSE_ADDRESS,j.reyes,2026-04-13
D-0196,distributor_beta,B-77040,,UNMATCHED,j.reyes,2026-04-08
D-0197,distributor_beta,B-77041,L-0056,L1_EXACT_NAME_ADDRESS,system,2026-04-07
D-0198,distributor_beta,B-77042,L-0005,L5_LOOSE_ADDRESS,j.reyes,2026-04-07
D-0199,distributor_beta,B-77043,L-0020,L5_LOOSE_ADDRESS,j.reyes,2026-04-12
D-0200,distributor_beta,B-77044,,UNMATCHED,s.patel,2026-04-10
D-0201,distributor_beta,B-77045,L-0041,L4_ADDRESS_ONLY,j.reyes,2026-04-11
D-0202,distributor_beta,B-77046,L-0041,L3_FUZZY,s.patel,2026-04-11
D-0203,distributor_beta,B-77047,L-0011,L3_FUZZY,j.reyes,2026-04-08
D-0204,distributor_beta,B-77048,L-0011,L1_EXACT_NAME_ADDRESS,system,2026-04-11
D-0205,distributor_beta,B-77049,L-0051,L3_FUZZY,j.reyes,2026-04-10
D-0206,distributor_beta,B-77050,L-0010,L3_FUZZY,s.patel,2026-04-07
D-0207,distributor_beta,B-77051,L-0010,L5_LOOSE_ADDRESS,j.reyes,2026-04-09
D-0208,distributor_beta,B-77052,L-0008,L3_FUZZY,s.patel,2026-04-11
D-0209,distributor_beta,B-77053,L-0031,L3_FUZZY,j.reyes,2026-04-09
D-0210,distributor_beta,B-77054,L-0031,L2_EXACT_NAME_ZIP,system,2026-04-12
D-0211,distributor_beta,B-77055,L-0028,L3_FUZZY,j.reyes,2026-04-11
D-0212,distributor_beta,B-77056,L-0058,L2_EXACT_NAME_ZIP,system,2026-04-06
D-0213,distributor_beta,B-77057,L-0029,L1_EXACT_NAME_ADDRESS,system,2026-04-14
D-0214,distributor_beta,B-77058,L-0029,L3_FUZZY,m.okoro,2026-04-08
D-0215,distributor_beta,B-77059,L-0001,L3_FUZZY,j.reyes,2026-04-09
D-0216,distributor_beta,B-77060,L-0001,L5_LOOSE_ADDRESS,s.patel,2026-04-11
D-0217,distributor_beta,B-77061,,UNMATCHED,s.patel,2026-04-07
D-0218,distributor_beta,B-77062,L-0037,L2_EXACT_NAME_ZIP,system,2026-04-11
D-0219,distributor_beta,B-77063,L-0025,L4_ADDRESS_ONLY,m.okoro,2026-04-13
D-0220,distributor_beta,B-77064,L-0025,L2_EXACT_NAME_ZIP,system,2026-04-14
