trace_id,invoice_date,ship_to_name,ship_to_address,ship_to_city,ship_to_state,ship_to_zip,product_code,quantity,net_sales_amount
A-100001,2026-03-05,OAKMONT IMAGING CENTER,505 ELM ST,PORTLAND,OR,97205,DEV-4410,17,3019.2
A-100002,2026-03-12,OAKMONT IMAGING CENTER D/B/A OAKMONT HEALTH,5O5 ELM STREET STE 400,PORTLAND,OR,97205,DEV-3050,11,1864.76
A-100003,2026-03-10,LAKEVIEW ORTHOPEDICS,5O5 ELM STREET STE 210,PORTLAND,OR,97205,DEV-3050,3,1195.6
A-100004,2026-03-27,LAKEVIEW ORTHOPEDICS STE 210,505 ELM STREET,PORTLAND,OR,97205,DEV-4410,5,1047.69
A-100005,2026-03-28,LAKEVIEW ORTHOPEDICS,5O5 ELM ST STE 210,PORTLAND,OR,97205,DEV-1180,33,12012.44
A-100006,2026-03-07,LAKEVIEW ORTHOPEDICS,5O5 ELM STREET STE 210,PORTLAND,OR,97205,DEV-3050,32,6655.31
A-100007,2026-03-18,"NORTHGATE REGIONAL HOSPITAL, INC.",88 CEDAR LANE,PORTLAND,OR,97205,DEV-5500,14,1228.07
A-100008,2026-03-08,NORTHGATE REGIONAL HOSPITAL D/B/A NORTHGATE HEALTH,88 CEDAR,PORTLAND,OR,97205,DEV-4410,18,6949.73
A-100009,2026-03-28,NORTHGATE REGIONAL HOSPITAL,88 CEDAR LN,PORTAND,OR,97205,DEV-4410,29,5370.81
A-100010,2026-03-09,BROOKSIDE SURGERY CTR,300 BIRCHWOOD COURT,PORTLAND,OR,97205,DEV-1180,2,333.41
A-100011,2026-03-24,BROOKSIDE SURGERY CTR,300 BIRCHWOOD COURT,PORTLAND,OR,97205,DEV-4410,16,4819.06
A-100012,2026-03-03,  BROOKSIDE  SURGERY CENTER D/B/A BROOKSIDE HEALTH ,3O0 BIRCHWOOD COURT,PORTLAND,OR,,DEV-4410,16,1425.38
A-100013,2026-03-05,BROOKSIDE SURGERY CENTER,300 BIRCHWOOD COURT,PORTLAND,OR,97205,DEV-5500,28,7730.31
A-100014,2026-03-10,SAINT LUKE COMMUNITY HOSPITAL D/B/A SAINT HEALTH - RADIOLOGY,505 PINE AVENUE,PORTLAND,OR,97205,DEV-5500,13,3802.72
A-100015,2026-03-27,ST LUKE COMMUNITY HOSP,505 PINE AVENUE,PORTLAND,OR,97205,DEV-4410,10,1762.66
A-100016,2026-03-17,SAINT LUKE COMMUNITY HOSPITAL - RADIOLOGY,5O5 PINE AVENUE,PORTLAND,OR,92705,DEV-1180,36,11479.48
A-100017,2026-03-20,LAKEVIEW HOSPITAL INC D/B/A LAKEVIEW HEALTH,77 COUNTY,PORTLAND,OR,97205,DEV-3050,14,3889.24
A-100018,2026-03-25,LAKEVIEW HOSPITAL,77 COUNTY ROAD 9,PORTLAND,OR,97205,DEV-5500,13,4903.68
A-100019,2026-03-26,  LAKEVIEW  HOSP ,77 COUNTY,PORTLAND,OR,97205,DEV-2200,15,2856.77
A-100020,2026-03-01,MERCY OUTPATIENT CENTER,1240 CEDAR LANE STE 120,PORTLAND,OR,97205,DEV-4410,-22,-5213.61
A-100021,2026-03-19,MERCY OUTPATIENT CTR,124O CEDAR LANE,PORTLAND,OR,97205,DEV-3050,15,1321.4
A-100022,2026-03-23,MERCY OUTPATIENT CENTER,1240 CEDAR LANE STE 120,PORTLAND,OR,97205,DEV-3050,24,7089.19
A-100023,2026-03-25,MERCY OUTPATIENT CTR,1240 CEDAR LANE,PORTLAND,OR,97205,DEV-4410,20,5812.71
A-100024,2026-03-17,  WILLAMETTE  OUTPATIENT CENTER ,1240 CEDAR STE 330,PORTLND,OR,,DEV-2200,19,1986.09
A-100025,2026-03-16,WILLAMETTE OUTPATIENT CENTER,1240 CEDAR LANE STE 330,PORTLAND,OR,97205,DEV-3050,3,1128.37
A-100026,2026-03-27,  WILLAMETTE  OUTPATIENT CENTER D/B/A WILLAMETTE HEALTH  STE 330,I240 CEDAR LANE,PORTLAND,OR,97205,DEV-1180,25,4611.67
A-100027,2026-03-02,"HARBOR POINT MEDICAL CENTER, INC.",2450 SOUTH ADAMS BOULEVARD,EUGENE,OR,97401,DEV-4410,24,4389.15
A-100028,2026-03-25,WILLAMETTE OUTPATIENT CENTER,505 OAK AVENUE,EUGENE,OR,97401,DEV-5500,40,5296.56
A-100029,2026-03-01,  WILLAMETTE  OUTPATIENT CENTER ,505 OAK AVENUE,EUGNE,OR,97401,DEV-4410,17,2270.95
A-100030,2026-03-23,WILLAMETTE OUTPATIENT CENTER,505 OAK AVENUE,EUGENE,OR,97401,DEV-4410,40,14014.36
A-100031,2026-03-05,WILLAMETTE OUTPATIENT CENTER LLC,505 OAK AVENUE,EUGENE,OR,97401,DEV-3050,27,6352.81
A-100032,2026-03-15,BAYVIEW ORTHOPEDICS,77 CEDAR LANE,EUGENE,OR,97401,DEV-1180,28,2319.62
A-100033,2026-03-27,WILLAMETTE CANCER INSTITUTE,505 COUNTY ROAD 9,EUGENE,OR,97401,DEV-5500,6,2370.68
A-100034,2026-03-15,GRANITE FALLS CANCER INSTITUTE,77 HARBOR BLVD,EUGENE,OR,97401,DEV-2200,34,4200.87
A-100035,2026-03-27,  GRANITE  FALLS CANCER INSTITUTE ,77 HARBOR,EUGENE,OR,97401,DEV-4410,12,3044.78
A-100036,2026-03-16,"GRANITE FALLS CANCER INSTITUTE, P.C.",77 HARBOR,EUGENE,OR,97401,DEV-3050,29,10507.68
A-100037,2026-03-21,GRANITE FALLS CANCER INSTITUTE,,EUGENE,OR,97401,DEV-3050,30,6199.45
A-100038,2026-03-12,MERCY ORTHOPEDICS,18O2 SOUTH,EUGEE,OR,,DEV-1180,37,8649.24
A-100039,2026-03-04,MERCY ORTHOPEDICS,I802 SOUTH ADAMS BOULEVARD,EUGENE,OR,97401,DEV-4410,24,8393.43
A-100040,2026-03-23,  SAINT  LUKE MEDICAL CENTER LLC ,90O GRANT PARKWAY STE 2A,CHICAGO,IL,60611,DEV-5500,12,1638.8
A-100041,2026-03-06,SAINT LUKES MED CTR,9O0 GRANT PARKWAY STE 2A,CHICAGO,IL,60611,DEV-5500,,
A-100042,2026-03-14,BROOKSIDE OUTPATIENT CTR STE 2B,900 GRANT,CHCAGO,IL,60611,DEV-2200,38,8561.15
A-100043,2026-03-07,"  BROOKSIDE  OUTPATIENT CENTER D/B/A BROOKSIDE HEALTH, P.C. ",900 GRANT PARKWAY STE 2B,CHICAGO,IL,60611,DEV-1180,20,4016.56
A-100044,2026-03-16,  BROOKSIDE  OUTPATIENT CENTER ,900 GRANT PARKWAY,CHICAGO,IL,60611,DEV-5500,23,4097.01
A-100045,2026-03-16,SILVER CREEK SURGERY CENTER LLC,2450 LAKE SHORE DRIVE,CHICAGO,IL,60611,DEV-5500,5,1753.97
A-100046,2026-03-04,SILVER CREEK SURGERY CENTER,2450 LAKESHORE DR,CHICAGO,IL,60611,DEV-1180,20,5390.71
A-100047,2026-03-03,"SILVER CREEK SURGERY CTR, P.C.",2450 LAKE SHORE DRIVE,CHICAGO,IL,60611,DEV-3050,2,596.1
A-100048,2026-03-25,  GRANITE  FALLS FAMILY CLNC  D/B/A GRANITE HEALTH,1802 BIRCHWOOD CT,CHICAGO,IL,60611,DEV-2200,15,1836.4
A-100049,2026-03-08,"GRANITE FALLS FAMILY CLNC, P.C.",1802 BIRCHWOOD COURT,CHICAGO,IL,,DEV-3050,29,8731.93
A-100050,2026-03-07,  GRANITE  FALLS FAMILY CLINIC ,1802 BIRCHWOOD COURT,CHICAGO,IL,,DEV-1180,15,1281.93
A-100051,2026-03-01,GRANITE FALLS FAMILY CLINIC,1802 BIRCHWOOD COURT,CHICAGO,IL,60611,DEV-4410,20,2668.18
A-100052,2026-03-04,NORTHGATE COMMUNITY HOSPITAL,I802 LAKE SHORE DR,CHICAGO,IL,60611,DEV-2200,22,7052.71
A-100053,2026-03-28,NORTHGATE COMMUNITY HOSPITAL,I802 LAKESHORE DRIVE,CHICGO,IL,60611,DEV-4410,39,4285.02
A-100054,2026-03-12,  GRANITE  FALLS ORTHOPEDICS ,505 BIRCHWOOD,CHICAGO,IL,60611,DEV-4410,,
A-100055,2026-03-21,  GRANITE  FALLS ORTHOPEDICS ,505 BIRCHWOOD,CHICAGO,IL,60611,DEV-3050,33,10970.28
A-100056,2026-03-14,GRANITE FALLS ORTHOPEDICS,5O5 BIRCHWOOD,CHICAGO,IL,60611,DEV-1180,32,4657.84
A-100057,2026-03-22,SAINT MARY MEDICAL CENTER,300 UNION PLACE,CHICAGO,IL,60611,DEV-4410,26,5058.51
A-100058,2026-03-19,SAINT MARY MEDICAL CENTER,505 ELM ST,ORLANDO,FL,32801,DEV-5500,20,4698.96
A-100059,2026-03-11,GRANITE FALLS COMMUNITY HOSPITAL,1802 COUNTY ROAD 9,PEORIA,IL,61602,DEV-1180,7,1336.68
A-100060,2026-03-19,  GRANITE  FALLS COMMUNITY HOSPITAL  D/B/A GRANITE HEALTH,1802 COUNTY RD 9,PEORIA,IL,61602,DEV-5500,17,3170.12
A-100061,2026-03-11,FAIRHAVEN CANCER INSTITUTE D/B/A FAIRHAVEN HEALTH,1802 MAIN STREET,PEORIA,IL,61602,DEV-5500,14,3337.91
A-100062,2026-03-23,FAIRHAVEN CANCER INSTITUTE D/B/A FAIRHAVEN HEALTH,I802 MAIN ST,PEORIA,IL,61602,DEV-2200,14,5205.32
A-100063,2026-03-26,  FAIRHAVEN  CANCER INST ,1802 MAIN STREET,PEORIA,IL,61602,DEV-2200,29,6608.97
A-100064,2026-03-15,FAIRHAVEN CANCER INSTITUTE D/B/A FAIRHAVEN HEALTH INC,1802 MAIN STREET,PEORIA,IL,61602,DEV-2200,-39,-14060.68
A-100065,2026-03-15,WILLAMETTE REGIONAL HOSPITAL,1240 HARBOR,PEORIA,IL,61602,DEV-4410,24,9109.76
A-100066,2026-03-05,"WILLAMETTE REGIONAL HOSPITAL D/B/A WILLAMETTE HEALTH, P.C.",1240 HARBOR BLVD,PEORIA,IL,61602,DEV-2200,-33,-9995.66
A-100067,2026-03-12,SUMMIT REGIONAL HOSPITAL,900 SUMMIT DRIVE,PEORIA,IL,61602,DEV-3050,25,3370.41
A-100068,2026-03-09,SUMMIT REGIONAL HOSPITAL,18O2 GRANT PKWY,PEORIA,IL,61602,DEV-5500,22,4401.68
A-100069,2026-03-12,  SUMMIT  REGIONAL HOSP ,1802 GRANT PARKWAY,PEORIA,IL,61602,DEV-2200,38,12245.5
A-100070,2026-03-27,SUMMIT REGIONAL HOSPITAL,1802 GRANT PARKWAY,PEORIA,IL,66102,DEV-4410,33,9816.56
A-100071,2026-03-23,SUMMIT REGIONAL HOSPITAL,1802 GRANT PARKWAY,PEORIA,IL,61602,DEV-2200,14,2865.1
A-100072,2026-03-27,  BAYVIEW  COMMUNITY HOSPITAL ,5O5 HARBOR,PEORIA,IL,66102,DEV-4410,39,9240.21
A-100073,2026-03-17,SAINT MARY CANCER INSTITUTE D/B/A SAINT HEALTH,3O0 UNION PLACE,TAMPA,FL,33602,DEV-4410,24,8831.99
A-100074,2026-03-06,SAINT MARYS CANCER INSTITUTE,300 UNION PL,TAMA,FL,33602,DEV-5500,38,7987.45
A-100075,2026-03-11,LAKEVIEW OUTPATIENT CTR,88 PINE AVENUE,TAMPA,FL,33602,DEV-5500,40,6011.74
A-100076,2026-03-25,LAKEVIEW OUTPATIENT CENTER D/B/A LAKEVIEW HEALTH,88 PINE AVENUE,TAMPA,FL,33602,DEV-1180,25,8442.58
A-100077,2026-03-01,CASCADE NORTHGATE HOSPITAL D/B/A CASCADE HEALTH,90O COUNTY ROAD 9,TAMPA,FL,33602,DEV-4410,28,3328.99
A-100078,2026-03-06,CASCADE NORTHGATE HOSPITAL,90O COUNTY RD 9,TAMPA,FL,33602,DEV-1180,12,2910.18
A-100079,2026-03-10,CASCADE NORTHGATE HOSPITAL,900 COUNTY ROAD 9,TAMPA,FL,,DEV-4410,2,659.05
A-100080,2026-03-21,RIVERBEND OUTPATIENT CENTER,505 OAK AVENUE,TAMPA,FL,33602,DEV-4410,4,762.27
A-100081,2026-03-06,  RIVERBEND  OUTPATIENT CENTER  D/B/A RIVERBEND HEALTH,5O5 OAK AVENUE,TAMPA,FL,,DEV-2200,32,2706.0
A-100082,2026-03-27,RIVERBEND OUTPATIENT CENTER,505 OAK AVE,TAMA,FL,33602,DEV-1180,20,3121.91
A-100083,2026-03-22,SILVER CREEK CANCER INSTITUTE D/B/A SILVER HEALTH,300 CEDAR LANE,TAMPA,FL,33602,DEV-3050,18,1588.85
A-100084,2026-03-26,SILVER CREEK CANCER INSTITUTE D/B/A SILVER HEALTH,300 CEDAR LANE,TAMPA,FL,33602,DEV-5500,24,6024.21
A-100085,2026-03-13,SILVER CREEK CANCER INSTITUTE D/B/A SILVER HEALTH,300 CEDAR LANE,TAMPA,FL,33602,DEV-3050,2,474.81
A-100086,2026-03-23,WILLAMETTE MEDICAL CENTER D/B/A WILLAMETTE HEALTH,12 RIVER RD,TAMPA,FL,33602,DEV-2200,25,6392.16
A-100087,2026-03-09,WILLAMETTE MEDICAL CENTER,I2 RIVER ROAD,TAPA,FL,33602,DEV-3050,33,8969.66
A-100088,2026-03-07,  NORTHGATE  SURGERY CTR ,77 ELM STREET,TAMPA,FL,33602,DEV-3050,27,2717.63
A-100089,2026-03-05,  NORTHGATE  SURGERY CENTER ,,TAMPA,FL,33602,DEV-4410,39,3453.47
A-100090,2026-03-09,  NORTHGATE  SURGERY CENTER ,77 ELM STREET,TAMPA,FL,33602,DEV-1180,36,9207.19
A-100091,2026-03-17,NORTHGATE SURGERY CENTER,77 ELM STREET,TAMPA,FL,,DEV-5500,26,6139.36
A-100092,2026-03-24,CEDAR RIDGE CANCER INSTITUTE D/B/A CEDAR HEALTH,88 COUNTY RD 9,ORLANDO,FL,32801,DEV-5500,22,8045.95
A-100093,2026-03-11,"PEÑA BLANCA FAMILY CLINIC, P.C.",900 BIRCHWOOD COURT,ORLANDO,FL,32801,DEV-3050,13,1119.36
A-100094,2026-03-07,PEÑA BLANCA FAMILY CLNC,9O0 BIRCHWOOD COURT,ORLANDO,FL,32801,DEV-1180,29,5534.04
A-100095,2026-03-02,PEÑA BLANCA FAMILY CLNC,900 BIRCHWOOD COURT,ORANDO,FL,32801,DEV-4410,36,13345.86
A-100096,2026-03-02,PEÑA BLANCA FAMILY CLINIC,9O0 BIRCHWOOD COURT,ORLANDO,FL,32801,DEV-1180,33,2782.7
A-100097,2026-03-04,  MEADOWBROOK  COMMUNITY HOSP  INC,18O2 GRANT PKWY,ORLANDO,FL,32801,DEV-4410,23,8957.69
A-100098,2026-03-09,MEADOWBROOK COMMUNITY HOSPITAL,1802 GRANT PARKWAY,ORLANO,FL,32801,DEV-3050,3,260.51
A-100099,2026-03-09,MEADOWBROOK COMMUNITY HOSPITAL,1802 GRANT PARKWAY,ORLANDO,FL,32801,DEV-4410,24,2333.73
A-100100,2026-03-27,MEADOWBROOK COMMUNITY HOSPITAL,I802 GRANT PARKWAY,ORLANDO,FL,32801,DEV-4410,13,3136.67
A-100101,2026-03-06,MEADOWBROOK CANCER AND RESEARCH INSTITUTE,300 RIVER ROAD,ORLANDO,FL,32801,DEV-3050,6,1966.53
A-100102,2026-03-05,MEADOWBROOK CANCER AND RESEARCH INSTITUTE,300 RIVER ROAD,ORLANDO,FL,32801,DEV-5500,39,3349.86
A-100103,2026-03-16,MEADOWBROOK CANCER AND RESEARCH INST,300 RIVER,ORLANDO,FL,32801,DEV-3050,32,6253.26
A-100104,2026-03-24,MEADOWBROOK CANCER & RESEARCH INSTITUTE D/B/A MEADOWBROOK HEALTH,300 RIVER RD,ORLANDO,FL,32801,DEV-5500,33,9420.48
A-100105,2026-03-15,"NORTHGATE ORTHOPEDICS, P.C.",505 SUMMIT DR,ORLANDO,FL,32801,DEV-1180,-27,-3545.6
A-100106,2026-03-15,NORTHGATE ORTHOPEDICS,505 SUMMIT DRIVE,ORLANDO,FL,32801,DEV-5500,1,91.05
A-100107,2026-03-23,NORTHGATE ORTHOPEDICS LLC,5O5 SUMMIT DRIVE,ORLANDO,FL,32801,DEV-5500,-40,-11889.3
A-100108,2026-03-10,NORTHGATE ORTHOPEDICS LLC,5O5 SUMMIT DRIVE,ORLANDO,FL,32801,DEV-4410,-37,-6221.0
A-100109,2026-03-07,SAINT MARY ORTHOPEDICS,12 RIVER ROAD,ORLANDO,FL,32801,DEV-3050,9,3443.66
A-100110,2026-03-11,SAINT MARY ORTHOPEDICS,12 RIVER ROAD,ORLANO,FL,32801,DEV-1180,8,3107.53
A-100111,2026-03-07,CEDAR RIDGE HOSP,88 ELM,ORLANDO,FL,32801,DEV-3050,8,1672.55
A-100112,2026-03-01,SAINT JOSEPH MED CTR D/B/A SAINT HEALTH,2450 NORTH WASHINGTON ST,DENVER,CO,80202,DEV-1180,31,11013.94
A-100113,2026-03-13,SAINT JOSEPHS MEDICAL CENTER,2450 NORTH WASHINGTON ST,DENVER,CO,82002,DEV-3050,8,2819.33
A-100114,2026-03-07,SAINT JOSEPH MEDICAL CENTER,2450 NORTH WASHINGTON STREET,DENVER,CO,80202,DEV-2200,7,1869.5
A-100115,2026-03-16,"  PRAIRIE  ORTHOPEDICS, INC. ",3O0 ELM STREET,DENVER,CO,80202,DEV-1180,22,3658.34
A-100116,2026-03-04,PRAIRIE ORTHO INC,300 ELM STREET,DENVER,CO,80202,DEV-3050,3,719.22
A-100117,2026-03-04,LAKEVIEW HOSPITAL,12 PINE AVENUE,DENVER,CO,80202,DEV-5500,35,11864.49
A-100118,2026-03-25,LAKEVIEW HOSPITAL D/B/A LAKEVIEW HEALTH,I2 PINE AVE,DENVER,CO,80202,DEV-4410,34,9063.91
A-100119,2026-03-11,LAKEVIEW COMMUNITY HOSP,77 BIRCHWOOD,DEVER,CO,80202,DEV-3050,35,3648.21
A-100120,2026-03-04,  LAKEVIEW  COMMUNITY HOSPITAL ,77 BIRCHWOOD COURT,DENVER,CO,80202,DEV-5500,40,4785.41
A-100121,2026-03-10,LAKEVIEW COMMUNITY HOSPITAL,77 BIRCHWOOD COURT,DENVR,CO,80202,DEV-5500,26,8879.95
A-100122,2026-03-05,RIVERBEND CANCER INSTITUTE,505 MAIN STREET,DENVER,CO,80202,DEV-5500,22,5276.51
A-100123,2026-03-28,BROOKSIDE CANCER INSTITUTE,300 COUNTY RD 9,DENVER,CO,80202,DEV-3050,5,564.5
A-100124,2026-03-08,BROOKSIDE CANCER INSTITUTE,300 COUNTY ROAD 9,DENVER,CO,80202,DEV-3050,37,13605.88
A-100125,2026-03-16,"  BROOKSIDE  CANCER INSTITUTE, P.C. ",300 COUNTY RD 9,DENVER,CO,82002,DEV-1180,,
A-100126,2026-03-05,CEDAR RIDGE OUTPATIENT CENTER,I2 UNION,MINNEAPOLIS,MN,54501,DEV-1180,26,2467.42
A-100127,2026-03-27,"FAIRHAVEN HOSPITAL, P.C. D/B/A FAIRHAVEN HEALTH",300 LAKE SHORE DRIVE,MINNEAPOLIS,MN,55401,DEV-2200,24,6947.13
A-100128,2026-03-03,SAINT LUKE COMMUNITY HOSPITAL,300 CEDAR LN,MINNEAPOLIS,MN,55401,DEV-3050,25,5316.38
A-100129,2026-03-16,SAINT LUKE COMMUNITY HOSPITAL LLC,300 CEDAR,MINNEAPOLIS,MN,55401,DEV-3050,5,1724.63
A-100130,2026-03-24,GRANITE FALLS HOSPITAL,900 ELM,MINNEAPOLIS,MN,55401,DEV-1180,36,7441.02
A-100131,2026-03-05,SILVER CREEK FAMILY CLINIC,1240 RIVER ROAD,DES MOINES,IA,50309,DEV-5500,13,3891.86
A-100132,2026-03-16,"SILVER CREEK FAMILY CLINIC, INC.",1240 RIVER ROAD,DES MOINES,IA,50309,DEV-2200,35,12843.83
A-100133,2026-03-14,  SILVER  CREEK FAMILY CLINIC ,1240 RIVER ROAD,DES MOINES,IA,50309,DEV-5500,17,6094.99
A-100134,2026-03-21,SILVER CREEK FAMILY CLINIC,I240 RIVER ROAD,DES MOINES,IA,50309,DEV-2200,31,6228.31
A-100135,2026-03-28,CEDAR RIDGE IMAGING CENTER,1802 CEDAR LANE,DES MONES,IA,50309,DEV-4410,11,2162.22
A-100136,2026-03-26,CEDAR RIDGE IMAGING CENTER,1802 CEDAR LN,DES MOINES,IA,50309,DEV-2200,25,4710.06
A-100137,2026-03-13,CEDAR RIDGE IMAGING CENTER LLC,1802 CEDAR STE 100,DES MOINES,IA,50309,DEV-4410,26,9672.02
A-100138,2026-03-11,CEDAR RIDGE IMAGING CENTER,1802 CEDAR LANE,DES MOINES,IA,,DEV-1180,4,1159.6
A-100139,2026-03-07,  SAINT  JOSEPHS IMAGING CTR  STE 200,18O2 CEDAR LANE,DE MOINES,IA,53009,DEV-3050,19,1963.13
A-100140,2026-03-24,NORTHGATE CANCER INSTITUTE LLC,77 RIVER ROAD,DES MOINES,IA,50309,DEV-3050,32,11827.12
A-100141,2026-03-20,"NORTHGATE CANCER INSTITUTE, P.C.",77 RIVER,DES MOINES,IA,50309,DEV-4410,31,9950.56
A-100142,2026-03-27,NORTHGATE CANCER INSTITUTE,77 RIVER ROAD,DES MOINES,IA,50309,DEV-5500,23,7121.48
A-100143,2026-03-09,NORTHGATE CANCER INSTITUTE,77 RIVER ROAD,DES MOINES,IA,50309,DEV-1180,8,1532.13
A-100144,2026-03-09,SILVER CREEK HOSPITAL,77 SOUTH ADAMS BOULEVARD,DES MOINES,IA,53009,DEV-4410,36,10270.98
A-100145,2026-03-28,BAYVIEW HOSPITAL,1240 COUNTY,DES MOINES,IA,53009,DEV-3050,-3,-289.97
A-100146,2026-03-02,BAYVIEW HOSPITAL,,DES MOINES,IA,,DEV-4410,,
A-100147,2026-03-05,"BAYVIEW HOSPITAL, P.C.",1240 COUNTY,DES MOINS,IA,50309,DEV-2200,36,11444.67
A-100148,2026-03-12,BAYVIEW HOSPITAL,1240 COUNTY ROAD 9,DES MOINES,IA,50309,DEV-1180,26,8049.72
A-100149,2026-03-23,NORTHGATE SURGERY CENTER,,DES MOINES,IA,53009,DEV-5500,1,239.59
A-100150,2026-03-24,VALLEY URGENT CARE,658 UNKNOWN ROAD,ROCKFORD,OR,99092,DEV-5500,2,849.88
A-100151,2026-03-19,NORTHSHORE PEDIATRIC GROUP,988 UNKNOWN ROAD,OCALA,OR,42170,DEV-1180,3,580.77
A-100152,2026-03-03,DESERT SPRINGS CLINIC,103 UNKNOWN ROAD,BOULDER,IL,25659,DEV-3050,3,343.89
A-100153,2026-03-06,PINE HOLLOW WELLNESS,936 UNKNOWN ROAD,BOULDER,FL,91548,DEV-3050,2,547.44
A-100154,2026-03-08,STONEBRIDGE DIALYSIS,83 UNKNOWN ROAD,OCALA,CO,24579,DEV-5500,3,665.64
A-100155,2026-03-07,LAKEVIEW ORTHOPEDICS,5O5 ELM STREET STE 210,PORTLAND,OR,97205,DEV-3050,32,6655.31
A-100156,2026-03-06,SAINT LUKES MED CTR,9O0 GRANT PARKWAY STE 2A,CHICAGO,IL,60611,DEV-5500,,
