erp_customer_id,customer_name,address_line_1,address_line_2,address_line_3,city,state,postal_code,legacy_customer_id
E1001,OAKMONT IMAGING CTR,505 ELM ST,STE 400,,PORTLAND,OR,97205,L-0001
E1002,LAKEVIEW ORTHO,505 ELM ST,STE 210,,PORTLAND,OR,97205,L-0002
E1003,NORTHGATE REGIONAL HOSP,88 CEDAR LN,,,PORTLAND,OR,97205,L-0003
E1004,BROOKSIDE SURGERY CTR,300 BIRCHWOOD CT,,,PORTLAND,OR,97205,L-0004
E1005,ST LUKE COMMUNITY HOSP,505 PINE AVE,,,PORTLAND,OR,97205,L-0005
E1006,LAKEVIEW HOSP,77 COUNTY RD 9,,,PORTLAND,OR,97205,L-0006
E1007,MERCY OUTPATIENT CTR,1240 CEDAR LN,,SUITE 120,PORTLAND,OR,97205,L-0007
E1008,WILLAMETTE OUTPATIENT CTR,1240 CEDAR LN,,SUITE 330,PORTLAND,OR,97205,L-0008
E1009,HARBOR POINT MED CTR,2450 SOUTH ADAMS BLVD,,,EUGENE,OR,97401,L-0009
E1010,WILLAMETTE OUTPATIENT CTR,505 OAK AVE,C/O MATERIALS MGMT,,EUGENE,OR,97401,L-0010
E1011,BAYVIEW ORTHO,77 CEDAR LN,,,EUGENE,OR,97401,L-0011
E1012,WILLAMETTE CANCER INST,505 COUNTY RD 9,,,EUGENE,OR,97401,L-0012
E1013,GRANITE FALLS CANCER INST,77 HARBOR BLVD,,,EUGENE,OR,97401,L-0013
E1014,MERCY ORTHO,1802 SOUTH ADAMS BLVD,,,EUGENE,OR,97401,L-0014
E1015,ST LUKE MED CTR,900 GRANT PKWY,,SUITE 2A,CHICAGO,IL,60611,L-0015
E1016,BROOKSIDE OUTPATIENT CTR,900 GRANT PKWY,STE 2B,,CHICAGO,IL,60611,L-0016
E1017,SILVER CREEK SURGERY CTR,2450 LAKE SHORE DR,ATTN RECEIVING,,CHICAGO,IL,60611,L-0017
E1018,GRANITE FALLS FAMILY CLNC,1802 BIRCHWOOD CT,,,CHICAGO,IL,60611,L-0018
E1019,NORTHGATE COMMUNITY HOSP,1802 LAKE SHORE DR,,,CHICAGO,IL,60611,L-0019
E1020,GRANITE FALLS ORTHO,505 BIRCHWOOD CT,,,CHICAGO,IL,60611,L-0020
E1021,ST MARY MED CTR,300 UNION PL,,,CHICAGO,IL,60611,L-0021
E1022,ST MARY MED CTR,505 ELM ST,ATTN RECEIVING,,ORLANDO,FL,32801,L-0022
E1023,GRANITE FALLS COMMUNITY HOSP,1802 COUNTY RD 9,C/O MATERIALS MGMT,,PEORIA,IL,61602,L-0023
E1024,FAIRHAVEN CANCER INST,1802 MAIN ST,,,PEORIA,IL,61602,L-0024
E1025,WILLAMETTE REGIONAL HOSP,1240 HARBOR BLVD,,,PEORIA,IL,61602,L-0025
E1026,SUMMIT REGIONAL HOSP,900 SUMMIT DR,,,PEORIA,IL,61602,L-0026
E1027,SUMMIT REGIONAL HOSP,1802 GRANT PKWY,,,PEORIA,IL,61602,L-0027
E1028,BAYVIEW COMMUNITY HOSP,505 HARBOR BLVD,,,PEORIA,IL,61602,L-0028
E1029,ST MARY CANCER INST,300 UNION PL,,,TAMPA,FL,33602,L-0029
E1030,LAKEVIEW OUTPATIENT CTR,88 PINE AVE,,,TAMPA,FL,33602,L-0030
E1031,NORTHGATE COMMUNITY HOSP,900 COUNTY RD 9,,,TAMPA,FL,33602,L-0031
E1032,RIVERBEND OUTPATIENT CTR,505 OAK AVE,C/O MATERIALS MGMT,,TAMPA,FL,33602,L-0032
E1033,SILVER CREEK CANCER INST,300 CEDAR LN,,,TAMPA,FL,33602,L-0033
E1034,WILLAMETTE MED CTR,45 PINE AVE,,,TAMPA,FL,33602,L-0034
E1035,NORTHGATE SURGERY CTR,77 ELM ST,,,TAMPA,FL,33602,L-0035
E1036,CEDAR RIDGE CANCER INST,88 COUNTY RD 9,,,ORLANDO,FL,32801,L-0036
E1037,PEÑA BLANCA FAMILY CLNC,900 BIRCHWOOD CT,,,ORLANDO,FL,32801,L-0037
E1038,MEADOWBROOK COMMUNITY HOSP,1802 GRANT PKWY,,,ORLANDO,FL,32801,L-0038
E1039,MEADOWBROOK CANCER AND RESEARC,300 RIVER RD,,,ORLANDO,FL,32801,L-0039
E1040,NORTHGATE ORTHO,505 SUMMIT DR,,,ORLANDO,FL,32801,L-0040
E1041,ST MARY ORTHO,12 RIVER RD,,,ORLANDO,FL,32801,L-0041
E1042,CEDAR RIDGE HOSP,88 ELM ST,,,ORLANDO,FL,32801,L-0042
E1043,ST JOSEPH MED CTR,2450 NORTH WASHINGTON ST,ATTN RECEIVING,,DENVER,CO,80202,L-0043
E1044,PRAIRIE ORTHO,300 ELM ST,LOADING DOCK B,,DENVER,CO,80202,L-0044
E1045,LAKEVIEW HOSP,12 PINE AVE,,,DENVER,CO,80202,L-0045
E1046,LAKEVIEW COMMUNITY HOSP,77 BIRCHWOOD CT,,,DENVER,CO,80202,L-0046
E1047,RIVERBEND CANCER INST,505 MAIN ST,,,DENVER,CO,80202,L-0047
E1048,BROOKSIDE CANCER INST,300 COUNTY RD 9,,,DENVER,CO,80202,L-0048
E1049,CEDAR RIDGE MED CTR,505 CEDAR LN,ATTN RECEIVING,,DENVER,CO,80202,L-0049
E1050,WILLAMETTE CANCER INST,2450 ELM ST,,,MINNEAPOLIS,MN,55401,L-0050
E1051,CEDAR RIDGE OUTPATIENT CTR,12 UNION PL,,,MINNEAPOLIS,MN,55401,L-0051
E1052,FAIRHAVEN HOSP,300 LAKE SHORE DR,ATTN RECEIVING,,MINNEAPOLIS,MN,55401,L-0052
E1053,ST LUKE COMMUNITY HOSP,300 CEDAR LN,,,MINNEAPOLIS,MN,55401,L-0055
E1054,GRANITE FALLS HOSP,900 ELM ST,LOADING DOCK B,,MINNEAPOLIS,MN,55401,L-0056
E1055,SILVER CREEK FAMILY CLNC,1240 RIVER RD,,,DES MOINES,IA,50309,L-0057
E1056,CEDAR RIDGE IMAGING CTR,1802 CEDAR LN,,SUITE 100,DES MOINES,IA,50309,L-0058
E1057,ST JOSEPH IMAGING CTR,1802 CEDAR LN,STE 200,,DES MOINES,IA,50309,L-0059
E1058,NORTHGATE CANCER INST,77 RIVER RD,LOADING DOCK B,,DES MOINES,IA,50309,L-0060
E1059,SILVER CREEK HOSP,77 SOUTH ADAMS BLVD,,,DES MOINES,IA,50309,L-0061
E1060,BAYVIEW HOSP,1240 COUNTY RD 9,,,DES MOINES,IA,50309,L-0062
E1061,NORTHGATE SURGERY CTR,505 SOUTH ADAMS BLVD,,,DES MOINES,IA,50309,L-0063
E2003,BROOKSIDE SURGERY CTR,300 BIRCHWOOD CT,,,PORTLAND,OR,97205,L-0004
E2011,WILLAMETTE CANCER INST,505 COUNTY RD 9,,,EUGENE,OR,97401,L-0012
