gpo_id,gpo_name,npi,member_since
GPO-03,Alliance Procurement,1003811509,2023-08-01
GPO-01,Vantage Purchasing,1003811517,2018-11-01
GPO-01,Vantage Purchasing,1003811533,2018-12-01
GPO-02,Meridian Sourcing,1003811533,2023-03-01
GPO-01,Vantage Purchasing,1003811541,2024-01-01
GPO-03,Alliance Procurement,1003811541,2019-10-01
GPO-03,Alliance Procurement,1003811549,2019-05-01
GPO-01,Vantage Purchasing,1003811549,2016-08-01
GPO-01,Vantage Purchasing,1003811557,2024-08-01
GPO-03,Alliance Procurement,1003811581,2024-05-01
GPO-01,Vantage Purchasing,1003811589,2021-09-01
GPO-02,Meridian Sourcing,1003811597,2021-01-01
GPO-03,Alliance Procurement,1003811597,2020-06-01
GPO-03,Alliance Procurement,1003811605,2020-04-01
GPO-02,Meridian Sourcing,1003811605,2023-08-01
GPO-03,Alliance Procurement,1003811629,2016-12-01
GPO-03,Alliance Procurement,1003811653,2022-06-01
GPO-01,Vantage Purchasing,1003811661,2018-07-01
GPO-01,Vantage Purchasing,1003811685,2023-09-01
GPO-02,Meridian Sourcing,1003811701,2016-12-01
GPO-01,Vantage Purchasing,1003811701,2021-07-01
GPO-02,Meridian Sourcing,1003811709,2022-12-01
GPO-01,Vantage Purchasing,1003811709,2020-01-01
GPO-03,Alliance Procurement,1003811717,2018-12-01
GPO-02,Meridian Sourcing,1003811717,2023-11-01
GPO-03,Alliance Procurement,1003811725,2024-04-01
GPO-02,Meridian Sourcing,1003811733,2015-07-01
GPO-02,Meridian Sourcing,1003811741,2016-04-01
GPO-01,Vantage Purchasing,1003811749,2019-06-01
GPO-02,Meridian Sourcing,1003811757,2018-03-01
GPO-02,Meridian Sourcing,1003811765,2016-04-01
GPO-01,Vantage Purchasing,1003811773,2016-07-01
GPO-02,Meridian Sourcing,1003811773,2019-04-01
GPO-02,Meridian Sourcing,1003811781,2023-02-01
GPO-03,Alliance Procurement,1003811781,2018-12-01
GPO-02,Meridian Sourcing,1003811789,2017-03-01
GPO-01,Vantage Purchasing,1003811797,2016-08-01
GPO-03,Alliance Procurement,1003811813,2019-01-01
GPO-01,Vantage Purchasing,1003811813,2019-06-01
GPO-01,Vantage Purchasing,1003811821,2016-11-01
GPO-01,Vantage Purchasing,1003811845,2018-11-01
GPO-03,Alliance Procurement,1003811845,2024-10-01
GPO-02,Meridian Sourcing,1003811853,2016-09-01
GPO-01,Vantage Purchasing,1003811853,2022-07-01
GPO-01,Vantage Purchasing,1003811861,2017-08-01
GPO-02,Meridian Sourcing,1003811869,2023-01-01
GPO-02,Meridian Sourcing,1003811877,2017-04-01
GPO-01,Vantage Purchasing,1003811877,2017-02-01
GPO-02,Meridian Sourcing,1003811885,2015-02-01
GPO-03,Alliance Procurement,1003811893,2021-04-01
GPO-02,Meridian Sourcing,1003811893,2022-12-01
GPO-03,Alliance Procurement,1003811909,2017-01-01
GPO-01,Vantage Purchasing,1003811917,2015-08-01
GPO-02,Meridian Sourcing,1003811933,2020-10-01
GPO-03,Alliance Procurement,1003811933,2018-11-01
GPO-03,Alliance Procurement,1003811941,2024-01-01
GPO-03,Alliance Procurement,1003811965,2017-10-01
GPO-01,Vantage Purchasing,1003811981,2017-06-01
GPO-02,Meridian Sourcing,1003811981,2021-07-01
GPO-02,Meridian Sourcing,1003811997,2020-04-01
GPO-01,Vantage Purchasing,1003811997,2020-05-01
GPO-01,Vantage Purchasing,1003812005,2021-04-01
