source_system,source_record_id,true_customer_id
distributor_alpha,A-100001,L-0001
distributor_alpha,A-100002,L-0001
distributor_alpha,A-100003,L-0002
distributor_alpha,A-100004,L-0002
distributor_alpha,A-100005,L-0002
distributor_alpha,A-100006,L-0002
distributor_alpha,A-100007,L-0003
distributor_alpha,A-100008,L-0003
distributor_alpha,A-100009,L-0003
distributor_alpha,A-100010,L-0004
distributor_alpha,A-100011,L-0004
distributor_alpha,A-100012,L-0004
distributor_alpha,A-100013,L-0004
distributor_alpha,A-100014,L-0005
distributor_alpha,A-100015,L-0005
distributor_alpha,A-100016,L-0005
distributor_alpha,A-100017,L-0006
distributor_alpha,A-100018,L-0006
distributor_alpha,A-100019,L-0006
distributor_alpha,A-100020,L-0007
distributor_alpha,A-100021,L-0007
distributor_alpha,A-100022,L-0007
distributor_alpha,A-100023,L-0007
distributor_alpha,A-100024,L-0008
distributor_alpha,A-100025,L-0008
distributor_alpha,A-100026,L-0008
distributor_alpha,A-100027,L-0009
distributor_alpha,A-100028,L-0010
distributor_alpha,A-100029,L-0010
distributor_alpha,A-100030,L-0010
distributor_alpha,A-100031,L-0010
distributor_alpha,A-100032,L-0011
distributor_alpha,A-100033,L-0012
distributor_alpha,A-100034,L-0013
distributor_alpha,A-100035,L-0013
distributor_alpha,A-100036,L-0013
distributor_alpha,A-100037,L-0013
distributor_alpha,A-100038,L-0014
distributor_alpha,A-100039,L-0014
distributor_alpha,A-100040,L-0015
distributor_alpha,A-100041,L-0015
distributor_alpha,A-100042,L-0016
distributor_alpha,A-100043,L-0016
distributor_alpha,A-100044,L-0016
distributor_alpha,A-100045,L-0017
distributor_alpha,A-100046,L-0017
distributor_alpha,A-100047,L-0017
distributor_alpha,A-100048,L-0018
distributor_alpha,A-100049,L-0018
distributor_alpha,A-100050,L-0018
distributor_alpha,A-100051,L-0018
distributor_alpha,A-100052,L-0019
distributor_alpha,A-100053,L-0019
distributor_alpha,A-100054,L-0020
distributor_alpha,A-100055,L-0020
distributor_alpha,A-100056,L-0020
distributor_alpha,A-100057,L-0021
distributor_alpha,A-100058,L-0022
distributor_alpha,A-100059,L-0023
distributor_alpha,A-100060,L-0023
distributor_alpha,A-100061,L-0024
distributor_alpha,A-100062,L-0024
distributor_alpha,A-100063,L-0024
distributor_alpha,A-100064,L-0024
distributor_alpha,A-100065,L-0025
distributor_alpha,A-100066,L-0025
distributor_alpha,A-100067,L-0026
distributor_alpha,A-100068,L-0027
distributor_alpha,A-100069,L-0027
distributor_alpha,A-100070,L-0027
distributor_alpha,A-100071,L-0027
distributor_alpha,A-100072,L-0028
distributor_alpha,A-100073,L-0029
distributor_alpha,A-100074,L-0029
distributor_alpha,A-100075,L-0030
distributor_alpha,A-100076,L-0030
distributor_alpha,A-100077,L-0031
distributor_alpha,A-100078,L-0031
distributor_alpha,A-100079,L-0031
distributor_alpha,A-100080,L-0032
distributor_alpha,A-100081,L-0032
distributor_alpha,A-100082,L-0032
distributor_alpha,A-100083,L-0033
distributor_alpha,A-100084,L-0033
distributor_alpha,A-100085,L-0033
distributor_alpha,A-100086,L-0034
distributor_alpha,A-100087,L-0034
distributor_alpha,A-100088,L-0035
distributor_alpha,A-100089,L-0035
distributor_alpha,A-100090,L-0035
distributor_alpha,A-100091,L-0035
distributor_alpha,A-100092,L-0036
distributor_alpha,A-100093,L-0037
distributor_alpha,A-100094,L-0037
distributor_alpha,A-100095,L-0037
distributor_alpha,A-100096,L-0037
distributor_alpha,A-100097,L-0038
distributor_alpha,A-100098,L-0038
distributor_alpha,A-100099,L-0038
distributor_alpha,A-100100,L-0038
distributor_alpha,A-100101,L-0039
distributor_alpha,A-100102,L-0039
distributor_alpha,A-100103,L-0039
distributor_alpha,A-100104,L-0039
distributor_alpha,A-100105,L-0040
distributor_alpha,A-100106,L-0040
distributor_alpha,A-100107,L-0040
distributor_alpha,A-100108,L-0040
distributor_alpha,A-100109,L-0041
distributor_alpha,A-100110,L-0041
distributor_alpha,A-100111,L-0042
distributor_alpha,A-100112,L-0043
distributor_alpha,A-100113,L-0043
distributor_alpha,A-100114,L-0043
distributor_alpha,A-100115,L-0044
distributor_alpha,A-100116,L-0044
distributor_alpha,A-100117,L-0045
distributor_alpha,A-100118,L-0045
distributor_alpha,A-100119,L-0046
distributor_alpha,A-100120,L-0046
distributor_alpha,A-100121,L-0046
distributor_alpha,A-100122,L-0047
distributor_alpha,A-100123,L-0048
distributor_alpha,A-100124,L-0048
distributor_alpha,A-100125,L-0048
distributor_alpha,A-100126,L-0051
distributor_alpha,A-100127,L-0052
distributor_alpha,A-100128,L-0055
distributor_alpha,A-100129,L-0055
distributor_alpha,A-100130,L-0056
distributor_alpha,A-100131,L-0057
distributor_alpha,A-100132,L-0057
distributor_alpha,A-100133,L-0057
distributor_alpha,A-100134,L-0057
distributor_alpha,A-100135,L-0058
distributor_alpha,A-100136,L-0058
distributor_alpha,A-100137,L-0058
distributor_alpha,A-100138,L-0058
distributor_alpha,A-100139,L-0059
distributor_alpha,A-100140,L-0060
distributor_alpha,A-100141,L-0060
distributor_alpha,A-100142,L-0060
distributor_alpha,A-100143,L-0060
distributor_alpha,A-100144,L-0061
distributor_alpha,A-100145,L-0062
distributor_alpha,A-100146,L-0062
distributor_alpha,A-100147,L-0062
distributor_alpha,A-100148,L-0062
distributor_alpha,A-100149,L-0063
distributor_alpha,A-100150,
distributor_alpha,A-100151,
distributor_alpha,A-100152,
distributor_alpha,A-100153,
distributor_alpha,A-100154,
distributor_alpha,A-100155,L-0002
distributor_alpha,A-100156,L-0015
distributor_beta,B-77001,L-0059
distributor_beta,B-77002,L-0059
distributor_beta,B-77003,L-0014
distributor_beta,B-77004,L-0014
distributor_beta,B-77005,L-0015
distributor_beta,B-77006,L-0015
distributor_beta,B-77007,L-0060
distributor_beta,B-77008,L-0060
distributor_beta,B-77009,L-0043
distributor_beta,B-77010,L-0043
distributor_beta,B-77011,L-0044
distributor_beta,B-77012,L-0013
distributor_beta,B-77013,L-0039
distributor_beta,B-77014,L-0039
distributor_beta,B-77015,L-0019
distributor_beta,B-77016,L-0040
distributor_beta,B-77017,L-0040
distributor_beta,B-77018,L-0055
distributor_beta,B-77019,L-0063
distributor_beta,B-77020,L-0045
distributor_beta,B-77021,L-0007
distributor_beta,B-77022,L-0007
distributor_beta,B-77023,L-0027
distributor_beta,B-77024,L-0036
distributor_beta,B-77025,L-0024
distributor_beta,B-77026,L-0024
distributor_beta,B-77027,L-0046
distributor_beta,B-77028,L-0046
distributor_beta,B-77029,L-0006
distributor_beta,B-77030,L-0006
distributor_beta,B-77031,L-0052
distributor_beta,B-77032,L-0003
distributor_beta,B-77033,L-0034
distributor_beta,B-77034,L-0009
distributor_beta,B-77035,L-0009
distributor_beta,B-77036,L-0002
distributor_beta,B-77037,L-0002
distributor_beta,B-77038,L-0005
distributor_beta,B-77039,L-0005
distributor_beta,B-77040,L-0056
distributor_beta,B-77041,L-0056
distributor_beta,B-77042,L-0023
distributor_beta,B-77043,L-0020
distributor_beta,B-77044,L-0048
distributor_beta,B-77045,L-0041
distributor_beta,B-77046,L-0041
distributor_beta,B-77047,L-0011
distributor_beta,B-77048,L-0011
distributor_beta,B-77049,L-0051
distributor_beta,B-77050,L-0010
distributor_beta,B-77051,L-0010
distributor_beta,B-77052,L-0008
distributor_beta,B-77053,L-0031
distributor_beta,B-77054,L-0031
distributor_beta,B-77055,L-0028
distributor_beta,B-77056,L-0058
distributor_beta,B-77057,L-0029
distributor_beta,B-77058,L-0029
distributor_beta,B-77059,L-0001
distributor_beta,B-77060,L-0001
distributor_beta,B-77061,L-0037
distributor_beta,B-77062,L-0037
distributor_beta,B-77063,L-0025
distributor_beta,B-77064,L-0025
