sf_account_id,account_name,billing_street,billing_suite,billing_city,billing_state,billing_zip,npi_number
SF-501,Oakmont Imaging Center,505 Elm Street,Suite 400,Portland,OR,97205,1003811509
SF-502,Lakeview Orthopedics,505 Elm Street,Suite 210,Portland,OR,97205,1003811517
SF-503,Northgate Regional Hospital,88 Cedar Lane,,Portland,OR,97205,1003811525
SF-504,Brookside Surgery Center,300 Birchwood Court,,Portland,OR,97205,1003811533
SF-505,Saint Luke Community Hospital,505 Pine Avenue,,Portland,OR,97205,1003811541
SF-506,Lakeview Hospital,77 County Road 9,,Portland,OR,97205,
SF-507,Mercy Outpatient Center,1240 Cedar Lane,Suite 120,Portland,OR,97205,
SF-508,Willamette Outpatient Center,1240 Cedar Lane,Suite 330,Portland,OR,97205-1518,1003811565
SF-509,Harbor Point Medical Center,2450 South Adams Boulevard,,Eugene,OR,97401-9751,1003811573
SF-510,Willamette Outpatient Center,505 Oak Avenue,,Eugene,OR,97401,1003811581
SF-511,Bayview Orthopedics,77 Cedar Lane,,Eugene,OR,97401-1568,
SF-512,Willamette Cancer Institute,505 County Road 9,,Eugene,OR,97401-6274,1003811597
SF-513,Granite Falls Cancer Institute,77 Harbor Boulevard,,Eugene,OR,97401-2956,1003811605
SF-514,Mercy Orthopedics,1802 South Adams Boulevard,,Eugene,OR,97401,1003811613
SF-515,Saint Luke Medical Center,900 Grant Parkway,Suite 2A,Chicago,IL,60611-8059,1003811621
SF-516,Brookside Outpatient Center,900 Grant Parkway,Suite 2B,Chicago,IL,60611-3115,1003811629
SF-517,Silver Creek Surgery Center LLC,2450 Lake Shore Drive,,Chicago,IL,60611-3295,1003811637
SF-518,Granite Falls Family Clinic,1802 Birchwood Court,,Chicago,IL,60611,1003811645
SF-519,Northgate Community Hospital,1802 Lake Shore Drive,,Chicago,IL,60611-1531,1003811653
SF-520,Granite Falls Orthopedics,505 Birchwood Court,,Chicago,IL,60611,1003811661
SF-521,Saint Mary Medical Center,300 Union Place,,Chicago,IL,60611,
SF-522,Saint Mary Medical Center,505 Elm Street,,Orlando,FL,32801,1003811677
SF-523,Granite Falls Community Hospital,1802 County Road 9,,Peoria,IL,61602,
SF-524,Fairhaven Cancer Institute,1802 Main Street,,Peoria,IL,61602-3118,1003811693
SF-525,Willamette Regional Hospital,1240 Harbor Boulevard,,Peoria,IL,61602-2982,1003811701
SF-526,Summit Regional Hospital,900 Summit Drive,,Peoria,IL,61602-7896,1003811709
SF-527,Summit Regional Hospital,1802 Grant Parkway,,Peoria,IL,61602,1003811717
SF-528,Bayview Community Hospital,505 Harbor Boulevard,,Peoria,IL,61602,
SF-529,Saint Mary Cancer Institute LLC,300 Union Place,,Tampa,FL,33602,1003811733
SF-530,Lakeview Outpatient Center,88 Pine Avenue,,Tampa,FL,33602-6212,1003811741
SF-531,Cascade Northgate Hospital,900 County Road 9,,Tampa,FL,33602,1003811749
SF-532,Riverbend Outpatient Center,505 Oak Avenue,,Tampa,FL,33602-9660,1003811757
SF-533,Silver Creek Cancer Institute,300 Cedar Lane,,Tampa,FL,33602-4075,
SF-534,Willamette Medical Center,12 River Road,,Tampa,FL,33602,1003811773
SF-535,Northgate Surgery Center,77 Elm Street,,Tampa,FL,33602,1003811781
SF-536,Cedar Ridge Cancer Institute,88 County Road 9,,Orlando,FL,32801-9237,1003811789
SF-537,Peña Blanca Family Clinic LLC,900 Birchwood Court,,Orlando,FL,32801,
SF-538,Meadowbrook Community Hospital,1802 Grant Parkway,,Orlando,FL,32801,1003811805
SF-539,Meadowbrook Cancer and Research Institute Inc,300 River Road,,Orlando,FL,32801-4256,1003811813
SF-540,Northgate Orthopedics LLC,505 Summit Drive,,Orlando,FL,32801-8908,1003811821
SF-541,Saint Mary Orthopedics,12 River Road,,Orlando,FL,32801-6092,
SF-542,Cedar Ridge Hospital LLC,88 Elm Street,,Orlando,FL,32801,1003811837
SF-543,Saint Joseph Medical Center,2450 North Washington Street,,Denver,CO,80202-1466,1003811845
SF-544,"Prairie Orthopedics, Inc.",300 Elm Street,,Denver,CO,80202-8520,1003811853
SF-545,Lakeview Hospital,12 Pine Avenue,,Denver,CO,80202,1003811861
SF-546,Lakeview Community Hospital,77 Birchwood Court,,Denver,CO,80202,
SF-547,Riverbend Cancer Institute,505 Main Street,,Denver,CO,80202,1003811877
SF-548,Brookside Cancer Institute,300 County Road 9,,Denver,CO,80202,
SF-549,Willamette Cancer Institute,2450 Elm Street,,Minneapolis,MN,55401,1003811901
SF-550,Cedar Ridge Outpatient Center,12 Union Place,,Minneapolis,MN,55401-1284,
SF-551,Fairhaven Hospital,300 Lake Shore Drive,,Minneapolis,MN,55401,1003811917
SF-552,Meadowbrook Regional Hospital,45 River Road,,Minneapolis,MN,55401,1003811925
SF-553,Lakeview Imaging Center,12 Lake Shore Drive,,Minneapolis,MN,55401,1003811933
SF-554,Saint Luke Community Hospital,300 Cedar Lane,,Minneapolis,MN,55401-7072,
SF-555,Granite Falls Hospital,900 Elm Street,,Minneapolis,MN,55401,1003811949
SF-556,Silver Creek Family Clinic,PO BOX 1845,,Des Moines,IA,50309-3550,1003811957
SF-557,Cedar Ridge Imaging Center,1802 Cedar Lane,Suite 100,Des Moines,IA,50309,1003811965
SF-558,Saint Joseph Imaging Center,1802 Cedar Lane,Suite 200,Des Moines,IA,50309-3383,
SF-559,Northgate Cancer Institute,77 River Road,,Des Moines,IA,50309-1946,
SF-560,"Silver Creek Hospital, Inc.",77 South Adams Boulevard,,Des Moines,IA,50309-1311,1003811989
SF-561,Bayview Hospital,1240 County Road 9,,Des Moines,IA,50309,
SF-562,Northgate Surgery Center,505 South Adams Boulevard,,Des Moines,IA,50309,
