source_system,source_record_id,true_customer_id,scenarios
erp,E1001,L-0001,S02_ABBREVIATION|S37_STREET_ABBREVIATION
erp,E1002,L-0002,S02_ABBREVIATION|S37_STREET_ABBREVIATION
erp,E1003,L-0003,S02_ABBREVIATION|S37_STREET_ABBREVIATION
erp,E1004,L-0004,S02_ABBREVIATION|S37_STREET_ABBREVIATION
erp,E1005,L-0005,S02_ABBREVIATION|S03_SAINT_VARIANT|S37_STREET_ABBREVIATION
erp,E1006,L-0006,S02_ABBREVIATION|S37_STREET_ABBREVIATION
erp,E1007,L-0007,S02_ABBREVIATION|S37_STREET_ABBREVIATION
erp,E1008,L-0008,S02_ABBREVIATION|S37_STREET_ABBREVIATION
erp,E1009,L-0009,S02_ABBREVIATION|S37_STREET_ABBREVIATION
erp,E1010,L-0010,S02_ABBREVIATION|S37_STREET_ABBREVIATION
erp,E1011,L-0011,S02_ABBREVIATION|S37_STREET_ABBREVIATION
erp,E1012,L-0012,S02_ABBREVIATION|S37_STREET_ABBREVIATION
erp,E1013,L-0013,S02_ABBREVIATION|S37_STREET_ABBREVIATION
erp,E1014,L-0014,S02_ABBREVIATION|S37_STREET_ABBREVIATION
erp,E1015,L-0015,S02_ABBREVIATION|S03_SAINT_VARIANT|S37_STREET_ABBREVIATION
erp,E1016,L-0016,S02_ABBREVIATION|S37_STREET_ABBREVIATION
erp,E1017,L-0017,S02_ABBREVIATION|S37_STREET_ABBREVIATION
erp,E1018,L-0018,S02_ABBREVIATION|S37_STREET_ABBREVIATION
erp,E1019,L-0019,S02_ABBREVIATION|S37_STREET_ABBREVIATION
erp,E1020,L-0020,S02_ABBREVIATION|S37_STREET_ABBREVIATION
erp,E1021,L-0021,S02_ABBREVIATION|S03_SAINT_VARIANT|S37_STREET_ABBREVIATION
erp,E1022,L-0022,S02_ABBREVIATION|S03_SAINT_VARIANT|S37_STREET_ABBREVIATION
erp,E1023,L-0023,S02_ABBREVIATION|S37_STREET_ABBREVIATION
erp,E1024,L-0024,S02_ABBREVIATION|S37_STREET_ABBREVIATION
erp,E1025,L-0025,S02_ABBREVIATION|S37_STREET_ABBREVIATION
erp,E1026,L-0026,S02_ABBREVIATION|S37_STREET_ABBREVIATION
erp,E1027,L-0027,S02_ABBREVIATION|S37_STREET_ABBREVIATION
erp,E1028,L-0028,S02_ABBREVIATION|S37_STREET_ABBREVIATION
erp,E1029,L-0029,S02_ABBREVIATION|S03_SAINT_VARIANT|S37_STREET_ABBREVIATION
erp,E1030,L-0030,S02_ABBREVIATION|S37_STREET_ABBREVIATION
erp,E1031,L-0031,S02_ABBREVIATION|S25_RENAMED|S37_STREET_ABBREVIATION
erp,E1032,L-0032,S02_ABBREVIATION|S37_STREET_ABBREVIATION
erp,E1033,L-0033,S02_ABBREVIATION|S37_STREET_ABBREVIATION
erp,E1034,L-0034,S02_ABBREVIATION|S26_RELOCATED|S37_STREET_ABBREVIATION
erp,E1035,L-0035,S02_ABBREVIATION|S37_STREET_ABBREVIATION
erp,E1036,L-0036,S02_ABBREVIATION|S37_STREET_ABBREVIATION
erp,E1037,L-0037,S02_ABBREVIATION|S37_STREET_ABBREVIATION
erp,E1038,L-0038,S02_ABBREVIATION|S37_STREET_ABBREVIATION
erp,E1039,L-0039,S35_TRUNCATED_NAME|S37_STREET_ABBREVIATION
erp,E1040,L-0040,S02_ABBREVIATION|S37_STREET_ABBREVIATION
erp,E1041,L-0041,S02_ABBREVIATION|S03_SAINT_VARIANT|S37_STREET_ABBREVIATION
erp,E1042,L-0042,S02_ABBREVIATION|S37_STREET_ABBREVIATION
erp,E1043,L-0043,S02_ABBREVIATION|S03_SAINT_VARIANT|S37_STREET_ABBREVIATION
erp,E1044,L-0044,S02_ABBREVIATION|S37_STREET_ABBREVIATION
erp,E1045,L-0045,S02_ABBREVIATION|S37_STREET_ABBREVIATION
erp,E1046,L-0046,S02_ABBREVIATION|S37_STREET_ABBREVIATION
erp,E1047,L-0047,S02_ABBREVIATION|S37_STREET_ABBREVIATION
erp,E1048,L-0048,S02_ABBREVIATION|S37_STREET_ABBREVIATION
erp,E1049,L-0049,S02_ABBREVIATION|S37_STREET_ABBREVIATION
erp,E1050,L-0050,S02_ABBREVIATION|S37_STREET_ABBREVIATION
erp,E1051,L-0051,S02_ABBREVIATION|S37_STREET_ABBREVIATION
erp,E1052,L-0052,S02_ABBREVIATION|S37_STREET_ABBREVIATION
erp,E1053,L-0055,S02_ABBREVIATION|S03_SAINT_VARIANT|S37_STREET_ABBREVIATION
erp,E1054,L-0056,S02_ABBREVIATION|S37_STREET_ABBREVIATION
erp,E1055,L-0057,S02_ABBREVIATION|S37_STREET_ABBREVIATION
erp,E1056,L-0058,S02_ABBREVIATION|S37_STREET_ABBREVIATION
erp,E1057,L-0059,S02_ABBREVIATION|S03_SAINT_VARIANT|S37_STREET_ABBREVIATION
erp,E1058,L-0060,S02_ABBREVIATION|S37_STREET_ABBREVIATION
erp,E1059,L-0061,S02_ABBREVIATION|S37_STREET_ABBREVIATION
erp,E1060,L-0062,S02_ABBREVIATION|S37_STREET_ABBREVIATION
erp,E1061,L-0063,S02_ABBREVIATION|S37_STREET_ABBREVIATION
erp,E2003,L-0004,S24_INTRA_SOURCE_DUPLICATE
erp,E2011,L-0012,S24_INTRA_SOURCE_DUPLICATE
salesforce,SF-501,L-0001,S01_CLEAN
salesforce,SF-502,L-0002,S01_CLEAN
salesforce,SF-503,L-0003,S01_CLEAN
salesforce,SF-504,L-0004,S01_CLEAN
salesforce,SF-505,L-0005,S01_CLEAN
salesforce,SF-506,L-0006,S01_CLEAN
salesforce,SF-507,L-0007,S01_CLEAN
salesforce,SF-508,L-0008,S11_ZIP_PLUS_FOUR
salesforce,SF-509,L-0009,S11_ZIP_PLUS_FOUR
salesforce,SF-510,L-0010,S01_CLEAN
salesforce,SF-511,L-0011,S11_ZIP_PLUS_FOUR
salesforce,SF-512,L-0012,S11_ZIP_PLUS_FOUR
salesforce,SF-513,L-0013,S11_ZIP_PLUS_FOUR
salesforce,SF-514,L-0014,S01_CLEAN
salesforce,SF-515,L-0015,S11_ZIP_PLUS_FOUR
salesforce,SF-516,L-0016,S11_ZIP_PLUS_FOUR
salesforce,SF-517,L-0017,S11_ZIP_PLUS_FOUR|S15_LEGAL_SUFFIX
salesforce,SF-518,L-0018,S01_CLEAN
salesforce,SF-519,L-0019,S11_ZIP_PLUS_FOUR
salesforce,SF-520,L-0020,S01_CLEAN
salesforce,SF-521,L-0021,S01_CLEAN
salesforce,SF-522,L-0022,S01_CLEAN
salesforce,SF-523,L-0023,S01_CLEAN
salesforce,SF-524,L-0024,S11_ZIP_PLUS_FOUR
salesforce,SF-525,L-0025,S11_ZIP_PLUS_FOUR
salesforce,SF-526,L-0026,S11_ZIP_PLUS_FOUR
salesforce,SF-527,L-0027,S01_CLEAN
salesforce,SF-528,L-0028,S01_CLEAN
salesforce,SF-529,L-0029,S15_LEGAL_SUFFIX
salesforce,SF-530,L-0030,S11_ZIP_PLUS_FOUR
salesforce,SF-531,L-0031,S01_CLEAN
salesforce,SF-532,L-0032,S11_ZIP_PLUS_FOUR
salesforce,SF-533,L-0033,S11_ZIP_PLUS_FOUR
salesforce,SF-534,L-0034,S01_CLEAN
salesforce,SF-535,L-0035,S01_CLEAN
salesforce,SF-536,L-0036,S11_ZIP_PLUS_FOUR
salesforce,SF-537,L-0037,S15_LEGAL_SUFFIX
salesforce,SF-538,L-0038,S01_CLEAN
salesforce,SF-539,L-0039,S11_ZIP_PLUS_FOUR|S15_LEGAL_SUFFIX
salesforce,SF-540,L-0040,S11_ZIP_PLUS_FOUR|S15_LEGAL_SUFFIX
salesforce,SF-541,L-0041,S11_ZIP_PLUS_FOUR
salesforce,SF-542,L-0042,S15_LEGAL_SUFFIX
salesforce,SF-543,L-0043,S11_ZIP_PLUS_FOUR
salesforce,SF-544,L-0044,S11_ZIP_PLUS_FOUR|S15_LEGAL_SUFFIX
salesforce,SF-545,L-0045,S01_CLEAN
salesforce,SF-546,L-0046,S01_CLEAN
salesforce,SF-547,L-0047,S01_CLEAN
salesforce,SF-548,L-0048,S01_CLEAN
salesforce,SF-549,L-0050,S01_CLEAN
salesforce,SF-550,L-0051,S11_ZIP_PLUS_FOUR
salesforce,SF-551,L-0052,S01_CLEAN
salesforce,SF-552,L-0053,S01_CLEAN
salesforce,SF-553,L-0054,S01_CLEAN
salesforce,SF-554,L-0055,S11_ZIP_PLUS_FOUR
salesforce,SF-555,L-0056,S01_CLEAN
salesforce,SF-556,L-0057,S11_ZIP_PLUS_FOUR|S27_PO_BOX
salesforce,SF-557,L-0058,S01_CLEAN
salesforce,SF-558,L-0059,S11_ZIP_PLUS_FOUR
salesforce,SF-559,L-0060,S11_ZIP_PLUS_FOUR
salesforce,SF-560,L-0061,S11_ZIP_PLUS_FOUR|S15_LEGAL_SUFFIX
salesforce,SF-561,L-0062,S01_CLEAN
salesforce,SF-562,L-0063,S01_CLEAN
distributor_alpha,A-100001,L-0001,S08_SUITE_MISSING|S37_STREET_ABBREVIATION
distributor_alpha,A-100002,L-0001,S05_OCR_DAMAGE|S17_DBA
distributor_alpha,A-100003,L-0002,S05_OCR_DAMAGE
distributor_alpha,A-100004,L-0002,S06_SUITE_IN_NAME
distributor_alpha,A-100005,L-0002,S05_OCR_DAMAGE|S37_STREET_ABBREVIATION
distributor_alpha,A-100006,L-0002,S05_OCR_DAMAGE
distributor_alpha,A-100007,L-0003,S15_LEGAL_SUFFIX
distributor_alpha,A-100008,L-0003,S14_TRUNCATED_STREET|S17_DBA
distributor_alpha,A-100009,L-0003,S13_CITY_TYPO|S37_STREET_ABBREVIATION
distributor_alpha,A-100010,L-0004,S02_ABBREVIATION
distributor_alpha,A-100011,L-0004,S02_ABBREVIATION
distributor_alpha,A-100012,L-0004,S05_OCR_DAMAGE|S17_DBA|S30_MISSING_ZIP|S32_WHITESPACE|S33_CASE_VARIANT
distributor_alpha,A-100013,L-0004,S01_CLEAN
distributor_alpha,A-100014,L-0005,S17_DBA|S28_DEPARTMENT_SHIPTO|S33_CASE_VARIANT
distributor_alpha,A-100015,L-0005,S02_ABBREVIATION|S03_SAINT_VARIANT
distributor_alpha,A-100016,L-0005,S05_OCR_DAMAGE|S12_WRONG_ZIP|S28_DEPARTMENT_SHIPTO
distributor_alpha,A-100017,L-0006,S14_TRUNCATED_STREET|S15_LEGAL_SUFFIX|S17_DBA|S37_STREET_ABBREVIATION
distributor_alpha,A-100018,L-0006,S01_CLEAN
distributor_alpha,A-100019,L-0006,S02_ABBREVIATION|S14_TRUNCATED_STREET|S32_WHITESPACE
distributor_alpha,A-100020,L-0007,S39_NEGATIVE_AMOUNT
distributor_alpha,A-100021,L-0007,S02_ABBREVIATION|S05_OCR_DAMAGE|S08_SUITE_MISSING
distributor_alpha,A-100022,L-0007,S01_CLEAN
distributor_alpha,A-100023,L-0007,S02_ABBREVIATION|S08_SUITE_MISSING
distributor_alpha,A-100024,L-0008,S13_CITY_TYPO|S14_TRUNCATED_STREET|S30_MISSING_ZIP|S32_WHITESPACE
distributor_alpha,A-100025,L-0008,S01_CLEAN
distributor_alpha,A-100026,L-0008,S05_OCR_DAMAGE|S06_SUITE_IN_NAME|S17_DBA|S32_WHITESPACE
distributor_alpha,A-100027,L-0009,S15_LEGAL_SUFFIX
distributor_alpha,A-100028,L-0010,S01_CLEAN
distributor_alpha,A-100029,L-0010,S13_CITY_TYPO|S32_WHITESPACE|S33_CASE_VARIANT
distributor_alpha,A-100030,L-0010,S01_CLEAN
distributor_alpha,A-100031,L-0010,S15_LEGAL_SUFFIX
distributor_alpha,A-100032,L-0011,S01_CLEAN
distributor_alpha,A-100033,L-0012,S33_CASE_VARIANT
distributor_alpha,A-100034,L-0013,S37_STREET_ABBREVIATION
distributor_alpha,A-100035,L-0013,S14_TRUNCATED_STREET|S32_WHITESPACE
distributor_alpha,A-100036,L-0013,S14_TRUNCATED_STREET|S15_LEGAL_SUFFIX
distributor_alpha,A-100037,L-0013,S31_MISSING_STREET
distributor_alpha,A-100038,L-0014,S05_OCR_DAMAGE|S13_CITY_TYPO|S14_TRUNCATED_STREET|S30_MISSING_ZIP|S33_CASE_VARIANT
distributor_alpha,A-100039,L-0014,S05_OCR_DAMAGE
distributor_alpha,A-100040,L-0015,S05_OCR_DAMAGE|S15_LEGAL_SUFFIX|S32_WHITESPACE
distributor_alpha,A-100041,L-0015,S02_ABBREVIATION|S04_POSSESSIVE_PLURAL|S05_OCR_DAMAGE|S40_NULL_MEASURES
distributor_alpha,A-100042,L-0016,S02_ABBREVIATION|S06_SUITE_IN_NAME|S13_CITY_TYPO|S14_TRUNCATED_STREET
distributor_alpha,A-100043,L-0016,S15_LEGAL_SUFFIX|S17_DBA|S32_WHITESPACE
distributor_alpha,A-100044,L-0016,S08_SUITE_MISSING|S32_WHITESPACE|S33_CASE_VARIANT
distributor_alpha,A-100045,L-0017,S15_LEGAL_SUFFIX|S33_CASE_VARIANT
distributor_alpha,A-100046,L-0017,S09_SPACING_VARIANT|S37_STREET_ABBREVIATION
distributor_alpha,A-100047,L-0017,S02_ABBREVIATION|S15_LEGAL_SUFFIX
distributor_alpha,A-100048,L-0018,S02_ABBREVIATION|S17_DBA|S32_WHITESPACE|S37_STREET_ABBREVIATION
distributor_alpha,A-100049,L-0018,S02_ABBREVIATION|S15_LEGAL_SUFFIX|S30_MISSING_ZIP
distributor_alpha,A-100050,L-0018,S30_MISSING_ZIP|S32_WHITESPACE
distributor_alpha,A-100051,L-0018,S01_CLEAN
distributor_alpha,A-100052,L-0019,S05_OCR_DAMAGE|S37_STREET_ABBREVIATION
distributor_alpha,A-100053,L-0019,S05_OCR_DAMAGE|S09_SPACING_VARIANT|S13_CITY_TYPO
distributor_alpha,A-100054,L-0020,S14_TRUNCATED_STREET|S32_WHITESPACE|S40_NULL_MEASURES
distributor_alpha,A-100055,L-0020,S14_TRUNCATED_STREET|S32_WHITESPACE
distributor_alpha,A-100056,L-0020,S05_OCR_DAMAGE|S14_TRUNCATED_STREET
distributor_alpha,A-100057,L-0021,S01_CLEAN
distributor_alpha,A-100058,L-0022,S37_STREET_ABBREVIATION
distributor_alpha,A-100059,L-0023,S33_CASE_VARIANT
distributor_alpha,A-100060,L-0023,S17_DBA|S32_WHITESPACE|S37_STREET_ABBREVIATION
distributor_alpha,A-100061,L-0024,S17_DBA|S33_CASE_VARIANT
distributor_alpha,A-100062,L-0024,S05_OCR_DAMAGE|S17_DBA|S37_STREET_ABBREVIATION
distributor_alpha,A-100063,L-0024,S02_ABBREVIATION|S32_WHITESPACE
distributor_alpha,A-100064,L-0024,S15_LEGAL_SUFFIX|S17_DBA|S39_NEGATIVE_AMOUNT
distributor_alpha,A-100065,L-0025,S14_TRUNCATED_STREET
distributor_alpha,A-100066,L-0025,S15_LEGAL_SUFFIX|S17_DBA|S37_STREET_ABBREVIATION|S39_NEGATIVE_AMOUNT
distributor_alpha,A-100067,L-0026,S01_CLEAN
distributor_alpha,A-100068,L-0027,S05_OCR_DAMAGE|S37_STREET_ABBREVIATION
distributor_alpha,A-100069,L-0027,S02_ABBREVIATION|S32_WHITESPACE
distributor_alpha,A-100070,L-0027,S12_WRONG_ZIP
distributor_alpha,A-100071,L-0027,S01_CLEAN
distributor_alpha,A-100072,L-0028,S05_OCR_DAMAGE|S12_WRONG_ZIP|S14_TRUNCATED_STREET|S32_WHITESPACE|S33_CASE_VARIANT
distributor_alpha,A-100073,L-0029,S05_OCR_DAMAGE|S17_DBA
distributor_alpha,A-100074,L-0029,S04_POSSESSIVE_PLURAL|S13_CITY_TYPO|S37_STREET_ABBREVIATION
distributor_alpha,A-100075,L-0030,S02_ABBREVIATION
distributor_alpha,A-100076,L-0030,S17_DBA
distributor_alpha,A-100077,L-0031,S05_OCR_DAMAGE|S17_DBA
distributor_alpha,A-100078,L-0031,S05_OCR_DAMAGE|S37_STREET_ABBREVIATION
distributor_alpha,A-100079,L-0031,S30_MISSING_ZIP
distributor_alpha,A-100080,L-0032,S01_CLEAN
distributor_alpha,A-100081,L-0032,S05_OCR_DAMAGE|S17_DBA|S30_MISSING_ZIP|S32_WHITESPACE
distributor_alpha,A-100082,L-0032,S13_CITY_TYPO|S33_CASE_VARIANT|S37_STREET_ABBREVIATION
distributor_alpha,A-100083,L-0033,S17_DBA
distributor_alpha,A-100084,L-0033,S17_DBA
distributor_alpha,A-100085,L-0033,S17_DBA
distributor_alpha,A-100086,L-0034,S17_DBA|S33_CASE_VARIANT|S37_STREET_ABBREVIATION
distributor_alpha,A-100087,L-0034,S05_OCR_DAMAGE|S13_CITY_TYPO
distributor_alpha,A-100088,L-0035,S02_ABBREVIATION|S32_WHITESPACE
distributor_alpha,A-100089,L-0035,S31_MISSING_STREET|S32_WHITESPACE
distributor_alpha,A-100090,L-0035,S32_WHITESPACE
distributor_alpha,A-100091,L-0035,S30_MISSING_ZIP
distributor_alpha,A-100092,L-0036,S17_DBA|S37_STREET_ABBREVIATION
distributor_alpha,A-100093,L-0037,S15_LEGAL_SUFFIX
distributor_alpha,A-100094,L-0037,S02_ABBREVIATION|S05_OCR_DAMAGE
distributor_alpha,A-100095,L-0037,S02_ABBREVIATION|S13_CITY_TYPO
distributor_alpha,A-100096,L-0037,S05_OCR_DAMAGE|S33_CASE_VARIANT
distributor_alpha,A-100097,L-0038,S02_ABBREVIATION|S05_OCR_DAMAGE|S15_LEGAL_SUFFIX|S32_WHITESPACE|S37_STREET_ABBREVIATION
distributor_alpha,A-100098,L-0038,S13_CITY_TYPO
distributor_alpha,A-100099,L-0038,S01_CLEAN
distributor_alpha,A-100100,L-0038,S05_OCR_DAMAGE
distributor_alpha,A-100101,L-0039,S33_CASE_VARIANT
distributor_alpha,A-100102,L-0039,S01_CLEAN
distributor_alpha,A-100103,L-0039,S02_ABBREVIATION|S14_TRUNCATED_STREET
distributor_alpha,A-100104,L-0039,S16_AMPERSAND|S17_DBA|S37_STREET_ABBREVIATION
distributor_alpha,A-100105,L-0040,S15_LEGAL_SUFFIX|S37_STREET_ABBREVIATION|S39_NEGATIVE_AMOUNT
distributor_alpha,A-100106,L-0040,S33_CASE_VARIANT
distributor_alpha,A-100107,L-0040,S05_OCR_DAMAGE|S15_LEGAL_SUFFIX|S39_NEGATIVE_AMOUNT
distributor_alpha,A-100108,L-0040,S05_OCR_DAMAGE|S15_LEGAL_SUFFIX|S39_NEGATIVE_AMOUNT
distributor_alpha,A-100109,L-0041,S33_CASE_VARIANT
distributor_alpha,A-100110,L-0041,S13_CITY_TYPO
distributor_alpha,A-100111,L-0042,S02_ABBREVIATION|S14_TRUNCATED_STREET
distributor_alpha,A-100112,L-0043,S02_ABBREVIATION|S17_DBA|S37_STREET_ABBREVIATION
distributor_alpha,A-100113,L-0043,S04_POSSESSIVE_PLURAL|S12_WRONG_ZIP|S37_STREET_ABBREVIATION
distributor_alpha,A-100114,L-0043,S33_CASE_VARIANT
distributor_alpha,A-100115,L-0044,S05_OCR_DAMAGE|S15_LEGAL_SUFFIX|S32_WHITESPACE
distributor_alpha,A-100116,L-0044,S02_ABBREVIATION|S15_LEGAL_SUFFIX|S33_CASE_VARIANT
distributor_alpha,A-100117,L-0045,S01_CLEAN
distributor_alpha,A-100118,L-0045,S05_OCR_DAMAGE|S17_DBA|S37_STREET_ABBREVIATION
distributor_alpha,A-100119,L-0046,S02_ABBREVIATION|S13_CITY_TYPO|S14_TRUNCATED_STREET
distributor_alpha,A-100120,L-0046,S32_WHITESPACE
distributor_alpha,A-100121,L-0046,S13_CITY_TYPO
distributor_alpha,A-100122,L-0047,S01_CLEAN
distributor_alpha,A-100123,L-0048,S37_STREET_ABBREVIATION
distributor_alpha,A-100124,L-0048,S01_CLEAN
distributor_alpha,A-100125,L-0048,S12_WRONG_ZIP|S15_LEGAL_SUFFIX|S32_WHITESPACE|S37_STREET_ABBREVIATION|S40_NULL_MEASURES
distributor_alpha,A-100126,L-0051,S05_OCR_DAMAGE|S12_WRONG_ZIP|S14_TRUNCATED_STREET
distributor_alpha,A-100127,L-0052,S15_LEGAL_SUFFIX|S17_DBA
distributor_alpha,A-100128,L-0055,S37_STREET_ABBREVIATION
distributor_alpha,A-100129,L-0055,S14_TRUNCATED_STREET|S15_LEGAL_SUFFIX
distributor_alpha,A-100130,L-0056,S14_TRUNCATED_STREET
distributor_alpha,A-100131,L-0057,S01_CLEAN
distributor_alpha,A-100132,L-0057,S15_LEGAL_SUFFIX
distributor_alpha,A-100133,L-0057,S32_WHITESPACE
distributor_alpha,A-100134,L-0057,S05_OCR_DAMAGE
distributor_alpha,A-100135,L-0058,S08_SUITE_MISSING|S13_CITY_TYPO
distributor_alpha,A-100136,L-0058,S08_SUITE_MISSING|S37_STREET_ABBREVIATION
distributor_alpha,A-100137,L-0058,S14_TRUNCATED_STREET|S15_LEGAL_SUFFIX|S33_CASE_VARIANT
distributor_alpha,A-100138,L-0058,S08_SUITE_MISSING|S30_MISSING_ZIP
distributor_alpha,A-100139,L-0059,S02_ABBREVIATION|S04_POSSESSIVE_PLURAL|S05_OCR_DAMAGE|S06_SUITE_IN_NAME|S12_WRONG_ZIP|S13_CITY_TYPO|S32_WHITESPACE
distributor_alpha,A-100140,L-0060,S15_LEGAL_SUFFIX
distributor_alpha,A-100141,L-0060,S14_TRUNCATED_STREET|S15_LEGAL_SUFFIX|S37_STREET_ABBREVIATION
distributor_alpha,A-100142,L-0060,S01_CLEAN
distributor_alpha,A-100143,L-0060,S01_CLEAN
distributor_alpha,A-100144,L-0061,S12_WRONG_ZIP
distributor_alpha,A-100145,L-0062,S12_WRONG_ZIP|S14_TRUNCATED_STREET|S39_NEGATIVE_AMOUNT
distributor_alpha,A-100146,L-0062,S30_MISSING_ZIP|S31_MISSING_STREET|S40_NULL_MEASURES
distributor_alpha,A-100147,L-0062,S13_CITY_TYPO|S14_TRUNCATED_STREET|S15_LEGAL_SUFFIX
distributor_alpha,A-100148,L-0062,S01_CLEAN
distributor_alpha,A-100149,L-0063,S12_WRONG_ZIP|S31_MISSING_STREET
distributor_alpha,A-100150,,S22_UNKNOWN_CUSTOMER
distributor_alpha,A-100151,,S22_UNKNOWN_CUSTOMER
distributor_alpha,A-100152,,S22_UNKNOWN_CUSTOMER
distributor_alpha,A-100153,,S22_UNKNOWN_CUSTOMER
distributor_alpha,A-100154,,S22_UNKNOWN_CUSTOMER
distributor_alpha,A-100155,L-0002,S41_DUPLICATE_ROW
distributor_alpha,A-100156,L-0015,S41_DUPLICATE_ROW
distributor_beta,B-77001,L-0059,S06_SUITE_IN_NAME|S10_COMBINED_CITY_STATE_ZIP|S14_TRUNCATED_STREET
distributor_beta,B-77002,L-0059,S03_SAINT_VARIANT|S05_OCR_DAMAGE|S06_SUITE_IN_NAME|S10_COMBINED_CITY_STATE_ZIP|S13_CITY_TYPO|S14_TRUNCATED_STREET|S32_WHITESPACE
distributor_beta,B-77003,L-0014,S10_COMBINED_CITY_STATE_ZIP|S14_TRUNCATED_STREET|S15_LEGAL_SUFFIX
distributor_beta,B-77004,L-0014,S05_OCR_DAMAGE|S10_COMBINED_CITY_STATE_ZIP|S11_ZIP_PLUS_FOUR|S13_CITY_TYPO
distributor_beta,B-77005,L-0015,S05_OCR_DAMAGE|S10_COMBINED_CITY_STATE_ZIP|S11_ZIP_PLUS_FOUR|S13_CITY_TYPO
distributor_beta,B-77006,L-0015,S05_OCR_DAMAGE|S08_SUITE_MISSING|S10_COMBINED_CITY_STATE_ZIP|S37_STREET_ABBREVIATION
distributor_beta,B-77007,L-0060,S10_COMBINED_CITY_STATE_ZIP|S13_CITY_TYPO|S14_TRUNCATED_STREET
distributor_beta,B-77008,L-0060,S10_COMBINED_CITY_STATE_ZIP|S17_DBA
distributor_beta,B-77009,L-0043,S10_COMBINED_CITY_STATE_ZIP|S15_LEGAL_SUFFIX
distributor_beta,B-77010,L-0043,S04_POSSESSIVE_PLURAL|S05_OCR_DAMAGE|S10_COMBINED_CITY_STATE_ZIP|S37_STREET_ABBREVIATION
distributor_beta,B-77011,L-0044,S10_COMBINED_CITY_STATE_ZIP|S14_TRUNCATED_STREET|S31_MISSING_STREET
distributor_beta,B-77012,L-0013,S02_ABBREVIATION|S10_COMBINED_CITY_STATE_ZIP|S30_MISSING_ZIP
distributor_beta,B-77013,L-0039,S05_OCR_DAMAGE|S10_COMBINED_CITY_STATE_ZIP|S17_DBA
distributor_beta,B-77014,L-0039,S02_ABBREVIATION|S10_COMBINED_CITY_STATE_ZIP|S11_ZIP_PLUS_FOUR|S16_AMPERSAND
distributor_beta,B-77015,L-0019,S10_COMBINED_CITY_STATE_ZIP|S11_ZIP_PLUS_FOUR
distributor_beta,B-77016,L-0040,S10_COMBINED_CITY_STATE_ZIP|S11_ZIP_PLUS_FOUR
distributor_beta,B-77017,L-0040,S05_OCR_DAMAGE|S10_COMBINED_CITY_STATE_ZIP
distributor_beta,B-77018,L-0055,S02_ABBREVIATION|S10_COMBINED_CITY_STATE_ZIP|S11_ZIP_PLUS_FOUR|S15_LEGAL_SUFFIX
distributor_beta,B-77019,L-0063,S10_COMBINED_CITY_STATE_ZIP|S12_WRONG_ZIP|S14_TRUNCATED_STREET|S33_CASE_VARIANT
distributor_beta,B-77020,L-0045,S02_ABBREVIATION|S10_COMBINED_CITY_STATE_ZIP|S11_ZIP_PLUS_FOUR|S14_TRUNCATED_STREET
distributor_beta,B-77021,L-0007,S08_SUITE_MISSING|S10_COMBINED_CITY_STATE_ZIP
distributor_beta,B-77022,L-0007,S10_COMBINED_CITY_STATE_ZIP|S32_WHITESPACE
distributor_beta,B-77023,L-0027,S05_OCR_DAMAGE|S10_COMBINED_CITY_STATE_ZIP
distributor_beta,B-77024,L-0036,S10_COMBINED_CITY_STATE_ZIP|S11_ZIP_PLUS_FOUR
distributor_beta,B-77025,L-0024,S02_ABBREVIATION|S10_COMBINED_CITY_STATE_ZIP|S14_TRUNCATED_STREET|S17_DBA
distributor_beta,B-77026,L-0024,S02_ABBREVIATION|S10_COMBINED_CITY_STATE_ZIP|S33_CASE_VARIANT|S37_STREET_ABBREVIATION
distributor_beta,B-77027,L-0046,S10_COMBINED_CITY_STATE_ZIP
distributor_beta,B-77028,L-0046,S10_COMBINED_CITY_STATE_ZIP
distributor_beta,B-77029,L-0006,S02_ABBREVIATION|S10_COMBINED_CITY_STATE_ZIP|S11_ZIP_PLUS_FOUR|S14_TRUNCATED_STREET
distributor_beta,B-77030,L-0006,S10_COMBINED_CITY_STATE_ZIP|S11_ZIP_PLUS_FOUR|S15_LEGAL_SUFFIX|S33_CASE_VARIANT
distributor_beta,B-77031,L-0052,S09_SPACING_VARIANT|S10_COMBINED_CITY_STATE_ZIP|S31_MISSING_STREET|S33_CASE_VARIANT|S37_STREET_ABBREVIATION
distributor_beta,B-77032,L-0003,S10_COMBINED_CITY_STATE_ZIP
distributor_beta,B-77033,L-0034,S10_COMBINED_CITY_STATE_ZIP|S12_WRONG_ZIP|S13_CITY_TYPO|S17_DBA
distributor_beta,B-77034,L-0009,S10_COMBINED_CITY_STATE_ZIP|S15_LEGAL_SUFFIX|S37_STREET_ABBREVIATION
distributor_beta,B-77035,L-0009,S10_COMBINED_CITY_STATE_ZIP
distributor_beta,B-77036,L-0002,S08_SUITE_MISSING|S10_COMBINED_CITY_STATE_ZIP
distributor_beta,B-77037,L-0002,S10_COMBINED_CITY_STATE_ZIP|S33_CASE_VARIANT
distributor_beta,B-77038,L-0005,S02_ABBREVIATION|S10_COMBINED_CITY_STATE_ZIP
distributor_beta,B-77039,L-0005,S02_ABBREVIATION|S04_POSSESSIVE_PLURAL|S10_COMBINED_CITY_STATE_ZIP|S11_ZIP_PLUS_FOUR|S13_CITY_TYPO
distributor_beta,B-77040,L-0056,S10_COMBINED_CITY_STATE_ZIP|S14_TRUNCATED_STREET
distributor_beta,B-77041,L-0056,S10_COMBINED_CITY_STATE_ZIP|S14_TRUNCATED_STREET
distributor_beta,B-77042,L-0023,S10_COMBINED_CITY_STATE_ZIP|S33_CASE_VARIANT
distributor_beta,B-77043,L-0020,S02_ABBREVIATION|S05_OCR_DAMAGE|S10_COMBINED_CITY_STATE_ZIP|S14_TRUNCATED_STREET
distributor_beta,B-77044,L-0048,S10_COMBINED_CITY_STATE_ZIP|S11_ZIP_PLUS_FOUR|S15_LEGAL_SUFFIX|S37_STREET_ABBREVIATION
distributor_beta,B-77045,L-0041,S05_OCR_DAMAGE|S10_COMBINED_CITY_STATE_ZIP|S13_CITY_TYPO
distributor_beta,B-77046,L-0041,S04_POSSESSIVE_PLURAL|S10_COMBINED_CITY_STATE_ZIP|S11_ZIP_PLUS_FOUR
distributor_beta,B-77047,L-0011,S10_COMBINED_CITY_STATE_ZIP
distributor_beta,B-77048,L-0011,S10_COMBINED_CITY_STATE_ZIP|S30_MISSING_ZIP
distributor_beta,B-77049,L-0051,S10_COMBINED_CITY_STATE_ZIP|S32_WHITESPACE|S37_STREET_ABBREVIATION
distributor_beta,B-77050,L-0010,S02_ABBREVIATION|S10_COMBINED_CITY_STATE_ZIP|S14_TRUNCATED_STREET
distributor_beta,B-77051,L-0010,S02_ABBREVIATION|S10_COMBINED_CITY_STATE_ZIP|S32_WHITESPACE
distributor_beta,B-77052,L-0008,S05_OCR_DAMAGE|S10_COMBINED_CITY_STATE_ZIP
distributor_beta,B-77053,L-0031,S10_COMBINED_CITY_STATE_ZIP|S11_ZIP_PLUS_FOUR|S14_TRUNCATED_STREET
distributor_beta,B-77054,L-0031,S10_COMBINED_CITY_STATE_ZIP|S11_ZIP_PLUS_FOUR
distributor_beta,B-77055,L-0028,S05_OCR_DAMAGE|S10_COMBINED_CITY_STATE_ZIP|S11_ZIP_PLUS_FOUR|S15_LEGAL_SUFFIX
distributor_beta,B-77056,L-0058,S06_SUITE_IN_NAME|S10_COMBINED_CITY_STATE_ZIP|S15_LEGAL_SUFFIX
distributor_beta,B-77057,L-0029,S10_COMBINED_CITY_STATE_ZIP|S11_ZIP_PLUS_FOUR
distributor_beta,B-77058,L-0029,S03_SAINT_VARIANT|S10_COMBINED_CITY_STATE_ZIP|S11_ZIP_PLUS_FOUR
distributor_beta,B-77059,L-0001,S10_COMBINED_CITY_STATE_ZIP|S32_WHITESPACE
distributor_beta,B-77060,L-0001,S02_ABBREVIATION|S06_SUITE_IN_NAME|S10_COMBINED_CITY_STATE_ZIP
distributor_beta,B-77061,L-0037,S10_COMBINED_CITY_STATE_ZIP|S30_MISSING_ZIP|S32_WHITESPACE
distributor_beta,B-77062,L-0037,S02_ABBREVIATION|S05_OCR_DAMAGE|S10_COMBINED_CITY_STATE_ZIP
distributor_beta,B-77063,L-0025,S10_COMBINED_CITY_STATE_ZIP|S13_CITY_TYPO|S15_LEGAL_SUFFIX|S33_CASE_VARIANT
distributor_beta,B-77064,L-0025,S10_COMBINED_CITY_STATE_ZIP|S14_TRUNCATED_STREET|S15_LEGAL_SUFFIX
distributor_gamma,G-900001,L-0012,S37_STREET_ABBREVIATION
distributor_gamma,G-900002,L-0022,S01_CLEAN
distributor_gamma,G-900003,L-0023,S02_ABBREVIATION|S05_OCR_DAMAGE|S13_CITY_TYPO|S14_TRUNCATED_STREET
distributor_gamma,G-900004,L-0040,S05_OCR_DAMAGE
distributor_gamma,G-900005,L-0045,S02_ABBREVIATION|S12_WRONG_ZIP|S17_DBA
distributor_gamma,G-900006,L-0025,S05_OCR_DAMAGE
distributor_gamma,G-900007,L-0059,S08_SUITE_MISSING
distributor_gamma,G-900008,L-0044,S02_ABBREVIATION|S05_OCR_DAMAGE|S14_TRUNCATED_STREET|S17_DBA
distributor_gamma,G-900009,L-0001,S14_TRUNCATED_STREET|S17_DBA|S30_MISSING_ZIP
distributor_gamma,G-900010,L-0046,S12_WRONG_ZIP|S13_CITY_TYPO
distributor_gamma,G-900011,L-0061,S14_TRUNCATED_STREET
distributor_gamma,G-900012,L-0056,S12_WRONG_ZIP
distributor_gamma,G-900013,L-0002,S02_ABBREVIATION|S05_OCR_DAMAGE|S31_MISSING_STREET
distributor_gamma,G-900014,L-0006,S31_MISSING_STREET|S33_CASE_VARIANT
distributor_gamma,G-900015,L-0051,S05_OCR_DAMAGE|S14_TRUNCATED_STREET|S31_MISSING_STREET
distributor_gamma,G-900016,L-0062,S14_TRUNCATED_STREET|S17_DBA|S32_WHITESPACE|S33_CASE_VARIANT
distributor_gamma,G-900017,L-0009,S15_LEGAL_SUFFIX
distributor_gamma,G-900018,L-0015,S02_ABBREVIATION|S17_DBA|S37_STREET_ABBREVIATION
distributor_gamma,G-900019,L-0007,S02_ABBREVIATION|S13_CITY_TYPO
distributor_gamma,G-900020,L-0027,S13_CITY_TYPO|S14_TRUNCATED_STREET|S31_MISSING_STREET
distributor_gamma,G-900021,L-0029,S03_SAINT_VARIANT|S14_TRUNCATED_STREET
distributor_gamma,G-900022,L-0033,S14_TRUNCATED_STREET
distributor_gamma,G-900023,L-0008,S32_WHITESPACE
distributor_gamma,G-900024,L-0014,S05_OCR_DAMAGE|S13_CITY_TYPO|S37_STREET_ABBREVIATION
distributor_gamma,G-900025,L-0010,S02_ABBREVIATION|S14_TRUNCATED_STREET
distributor_gamma,G-900026,,S23_NEW_CUSTOMER_IN_INCREMENT
distributor_gamma,G-900027,,S23_NEW_CUSTOMER_IN_INCREMENT
